<?xml version="1.0" encoding="utf-8"?>
<gpx xmlns="http://www.topografix.com/GPX/1/1" xmlns:xsi="http://www.w3.org/2001/XMLSchema-instance" creator="Trackserver 5.1-20250415" version="1.1" xsi:schemaLocation="http://www.topografix.com/GPX/1/1 http://www.topografix.com/GPX/1/1/gpx.xsd">
  <metadata>
    <author>
      <name><![CDATA[surledoud]]></name>
    </author>
    <link href="https://surlereservoir.fr/"/>
  </metadata>
  <trk>
    <name><![CDATA[OsmAnd 2026-10-08 15]]></name>
    <trkseg>
      <trkpt lat="49.61655" lon="0.743774">
        <ele>189.1</ele>
        <time>2026-10-08T13:37:26+00:00</time>
      </trkpt>
      <trkpt lat="49.61652" lon="0.743688">
        <ele>183</ele>
        <time>2026-10-08T13:37:31+00:00</time>
      </trkpt>
      <trkpt lat="49.616505" lon="0.743604">
        <ele>177.4</ele>
        <time>2026-10-08T13:37:35+00:00</time>
      </trkpt>
      <trkpt lat="49.616505" lon="0.743541">
        <ele>175.5</ele>
        <time>2026-10-08T13:37:41+00:00</time>
      </trkpt>
      <trkpt lat="49.616512" lon="0.743486">
        <ele>176.4</ele>
        <time>2026-10-08T13:37:46+00:00</time>
      </trkpt>
      <trkpt lat="49.616512" lon="0.743509">
        <ele>176.1</ele>
        <time>2026-10-08T13:37:51+00:00</time>
      </trkpt>
      <trkpt lat="49.616512" lon="0.743621">
        <ele>174.3</ele>
        <time>2026-10-08T13:37:56+00:00</time>
      </trkpt>
      <trkpt lat="49.616505" lon="0.743637">
        <ele>174.5</ele>
        <time>2026-10-08T13:38:01+00:00</time>
      </trkpt>
      <trkpt lat="49.61652" lon="0.743731">
        <ele>174.1</ele>
        <time>2026-10-08T13:38:06+00:00</time>
      </trkpt>
      <trkpt lat="49.616524" lon="0.743799">
        <ele>174.5</ele>
        <time>2026-10-08T13:38:11+00:00</time>
      </trkpt>
      <trkpt lat="49.61652" lon="0.743798">
        <ele>175.4</ele>
        <time>2026-10-08T13:38:16+00:00</time>
      </trkpt>
      <trkpt lat="49.616539" lon="0.743805">
        <ele>175.7</ele>
        <time>2026-10-08T13:38:21+00:00</time>
      </trkpt>
      <trkpt lat="49.61657" lon="0.743943">
        <ele>176.5</ele>
        <time>2026-10-08T13:38:26+00:00</time>
      </trkpt>
      <trkpt lat="49.616581" lon="0.744033">
        <ele>176.7</ele>
        <time>2026-10-08T13:38:30+00:00</time>
      </trkpt>
      <trkpt lat="49.616558" lon="0.743961">
        <ele>177</ele>
        <time>2026-10-08T13:38:36+00:00</time>
      </trkpt>
      <trkpt lat="49.616562" lon="0.744032">
        <ele>177.9</ele>
        <time>2026-10-08T13:38:41+00:00</time>
      </trkpt>
      <trkpt lat="49.616581" lon="0.744098">
        <ele>178.1</ele>
        <time>2026-10-08T13:38:46+00:00</time>
      </trkpt>
      <trkpt lat="49.616627" lon="0.744155">
        <ele>178.4</ele>
        <time>2026-10-08T13:38:51+00:00</time>
      </trkpt>
      <trkpt lat="49.616596" lon="0.7441">
        <ele>178.7</ele>
        <time>2026-10-08T13:38:56+00:00</time>
      </trkpt>
      <trkpt lat="49.616589" lon="0.744027">
        <ele>179.5</ele>
        <time>2026-10-08T13:39:01+00:00</time>
      </trkpt>
      <trkpt lat="49.616493" lon="0.74396">
        <ele>180.9</ele>
        <time>2026-10-08T13:39:06+00:00</time>
      </trkpt>
      <trkpt lat="49.616436" lon="0.744055">
        <ele>181.1</ele>
        <time>2026-10-08T13:39:11+00:00</time>
      </trkpt>
      <trkpt lat="49.616444" lon="0.743854">
        <ele>182.6</ele>
        <time>2026-10-08T13:39:26+00:00</time>
      </trkpt>
      <trkpt lat="49.616444" lon="0.743854">
        <ele>182.6</ele>
        <time>2026-10-08T13:39:30+00:00</time>
      </trkpt>
      <trkpt lat="49.616425" lon="0.743791">
        <ele>183.8</ele>
        <time>2026-10-08T13:39:35+00:00</time>
      </trkpt>
      <trkpt lat="49.616436" lon="0.743796">
        <ele>183.3</ele>
        <time>2026-10-08T13:39:41+00:00</time>
      </trkpt>
      <trkpt lat="49.616428" lon="0.743813">
        <ele>183.7</ele>
        <time>2026-10-08T13:39:46+00:00</time>
      </trkpt>
      <trkpt lat="49.616428" lon="0.743813">
        <ele>183.7</ele>
        <time>2026-10-08T13:39:52+00:00</time>
      </trkpt>
      <trkpt lat="49.616558" lon="0.743793">
        <ele>187.6</ele>
        <time>2026-10-08T13:40:40+00:00</time>
      </trkpt>
      <trkpt lat="49.616982" lon="0.743617">
        <ele>189.6</ele>
        <time>2026-10-08T13:40:47+00:00</time>
      </trkpt>
      <trkpt lat="49.617249" lon="0.743577">
        <ele>188.9</ele>
        <time>2026-10-08T13:40:52+00:00</time>
      </trkpt>
      <trkpt lat="49.617249" lon="0.743635">
        <ele>190.5</ele>
        <time>2026-10-08T13:40:59+00:00</time>
      </trkpt>
      <trkpt lat="49.617458" lon="0.743588">
        <ele>188.9</ele>
        <time>2026-10-08T13:41:06+00:00</time>
      </trkpt>
      <trkpt lat="49.617783" lon="0.743462">
        <ele>187.6</ele>
        <time>2026-10-08T13:41:11+00:00</time>
      </trkpt>
      <trkpt lat="49.618103" lon="0.74368">
        <ele>193.7</ele>
        <time>2026-10-08T13:41:20+00:00</time>
      </trkpt>
      <trkpt lat="49.61821" lon="0.74481">
        <ele>193.9</ele>
        <time>2026-10-08T13:41:28+00:00</time>
      </trkpt>
      <trkpt lat="49.618267" lon="0.745264">
        <ele>194.6</ele>
        <time>2026-10-08T13:41:31+00:00</time>
      </trkpt>
      <trkpt lat="49.618343" lon="0.745954">
        <ele>197</ele>
        <time>2026-10-08T13:41:36+00:00</time>
      </trkpt>
      <trkpt lat="49.618332" lon="0.746405">
        <ele>198</ele>
        <time>2026-10-08T13:41:40+00:00</time>
      </trkpt>
      <trkpt lat="49.618336" lon="0.746641">
        <ele>198.8</ele>
        <time>2026-10-08T13:41:45+00:00</time>
      </trkpt>
      <trkpt lat="49.618389" lon="0.747233">
        <ele>200.7</ele>
        <time>2026-10-08T13:41:50+00:00</time>
      </trkpt>
      <trkpt lat="49.618412" lon="0.747946">
        <ele>203.1</ele>
        <time>2026-10-08T13:41:55+00:00</time>
      </trkpt>
      <trkpt lat="49.618485" lon="0.74896">
        <ele>200.8</ele>
        <time>2026-10-08T13:42:01+00:00</time>
      </trkpt>
      <trkpt lat="49.618542" lon="0.749789">
        <ele>209.7</ele>
        <time>2026-10-08T13:42:06+00:00</time>
      </trkpt>
      <trkpt lat="49.618622" lon="0.750617">
        <ele>209</ele>
        <time>2026-10-08T13:42:11+00:00</time>
      </trkpt>
      <trkpt lat="49.618679" lon="0.751428">
        <ele>201.4</ele>
        <time>2026-10-08T13:42:16+00:00</time>
      </trkpt>
      <trkpt lat="49.618717" lon="0.752135">
        <ele>199.2</ele>
        <time>2026-10-08T13:42:21+00:00</time>
      </trkpt>
      <trkpt lat="49.618782" lon="0.752415">
        <ele>201.2</ele>
        <time>2026-10-08T13:42:26+00:00</time>
      </trkpt>
      <trkpt lat="49.618813" lon="0.752397">
        <ele>201.9</ele>
        <time>2026-10-08T13:42:31+00:00</time>
      </trkpt>
      <trkpt lat="49.618813" lon="0.752443">
        <ele>208.1</ele>
        <time>2026-10-08T13:42:36+00:00</time>
      </trkpt>
      <trkpt lat="49.61882" lon="0.752435">
        <ele>208.1</ele>
        <time>2026-10-08T13:42:40+00:00</time>
      </trkpt>
      <trkpt lat="49.618828" lon="0.752444">
        <ele>206.3</ele>
        <time>2026-10-08T13:42:46+00:00</time>
      </trkpt>
      <trkpt lat="49.618828" lon="0.752444">
        <ele>206.3</ele>
        <time>2026-10-08T13:42:51+00:00</time>
      </trkpt>
      <trkpt lat="49.618828" lon="0.752457">
        <ele>206.8</ele>
        <time>2026-10-08T13:42:56+00:00</time>
      </trkpt>
      <trkpt lat="49.618847" lon="0.752454">
        <ele>208</ele>
        <time>2026-10-08T13:43:01+00:00</time>
      </trkpt>
      <trkpt lat="49.618832" lon="0.752484">
        <ele>208.5</ele>
        <time>2026-10-08T13:43:06+00:00</time>
      </trkpt>
      <trkpt lat="49.618839" lon="0.752601">
        <ele>207.9</ele>
        <time>2026-10-08T13:43:11+00:00</time>
      </trkpt>
      <trkpt lat="49.618801" lon="0.752656">
        <ele>207.8</ele>
        <time>2026-10-08T13:43:15+00:00</time>
      </trkpt>
      <trkpt lat="49.619011" lon="0.752481">
        <ele>208.1</ele>
        <time>2026-10-08T13:43:21+00:00</time>
      </trkpt>
      <trkpt lat="49.619267" lon="0.752288">
        <ele>207.8</ele>
        <time>2026-10-08T13:43:26+00:00</time>
      </trkpt>
      <trkpt lat="49.619747" lon="0.75185">
        <ele>204.4</ele>
        <time>2026-10-08T13:43:33+00:00</time>
      </trkpt>
      <trkpt lat="49.619839" lon="0.751667">
        <ele>205.6</ele>
        <time>2026-10-08T13:43:38+00:00</time>
      </trkpt>
      <trkpt lat="49.619896" lon="0.751574">
        <ele>204.3</ele>
        <time>2026-10-08T13:43:42+00:00</time>
      </trkpt>
      <trkpt lat="49.620148" lon="0.750999">
        <ele>204.3</ele>
        <time>2026-10-08T13:43:47+00:00</time>
      </trkpt>
      <trkpt lat="49.620491" lon="0.750564">
        <ele>202.3</ele>
        <time>2026-10-08T13:43:52+00:00</time>
      </trkpt>
      <trkpt lat="49.620632" lon="0.750239">
        <ele>201.6</ele>
        <time>2026-10-08T13:43:58+00:00</time>
      </trkpt>
      <trkpt lat="49.620728" lon="0.750045">
        <ele>197.7</ele>
        <time>2026-10-08T13:44:02+00:00</time>
      </trkpt>
      <trkpt lat="49.620907" lon="0.749662">
        <ele>199.8</ele>
        <time>2026-10-08T13:44:07+00:00</time>
      </trkpt>
      <trkpt lat="49.621071" lon="0.749272">
        <ele>197.8</ele>
        <time>2026-10-08T13:44:11+00:00</time>
      </trkpt>
      <trkpt lat="49.621548" lon="0.748263">
        <ele>198.2</ele>
        <time>2026-10-08T13:44:18+00:00</time>
      </trkpt>
      <trkpt lat="49.621738" lon="0.747575">
        <ele>194.8</ele>
        <time>2026-10-08T13:44:23+00:00</time>
      </trkpt>
      <trkpt lat="49.621826" lon="0.746989">
        <ele>189.1</ele>
        <time>2026-10-08T13:44:28+00:00</time>
      </trkpt>
      <trkpt lat="49.62188" lon="0.746798">
        <ele>186.9</ele>
        <time>2026-10-08T13:44:35+00:00</time>
      </trkpt>
      <trkpt lat="49.621841" lon="0.746827">
        <ele>187.2</ele>
        <time>2026-10-08T13:44:39+00:00</time>
      </trkpt>
      <trkpt lat="49.621826" lon="0.746812">
        <ele>186.9</ele>
        <time>2026-10-08T13:44:44+00:00</time>
      </trkpt>
      <trkpt lat="49.621822" lon="0.746822">
        <ele>187.8</ele>
        <time>2026-10-08T13:44:49+00:00</time>
      </trkpt>
      <trkpt lat="49.621826" lon="0.746801">
        <ele>187</ele>
        <time>2026-10-08T13:44:54+00:00</time>
      </trkpt>
      <trkpt lat="49.621872" lon="0.746657">
        <ele>187.8</ele>
        <time>2026-10-08T13:44:58+00:00</time>
      </trkpt>
      <trkpt lat="49.621559" lon="0.74629">
        <ele>185.7</ele>
        <time>2026-10-08T13:45:05+00:00</time>
      </trkpt>
      <trkpt lat="49.621243" lon="0.746485">
        <ele>184.7</ele>
        <time>2026-10-08T13:45:09+00:00</time>
      </trkpt>
      <trkpt lat="49.62104" lon="0.746853">
        <ele>185.7</ele>
        <time>2026-10-08T13:45:14+00:00</time>
      </trkpt>
      <trkpt lat="49.621063" lon="0.746874">
        <ele>187.2</ele>
        <time>2026-10-08T13:45:20+00:00</time>
      </trkpt>
      <trkpt lat="49.620937" lon="0.746766">
        <ele>186.8</ele>
        <time>2026-10-08T13:45:25+00:00</time>
      </trkpt>
      <trkpt lat="49.62088" lon="0.746764">
        <ele>187.2</ele>
        <time>2026-10-08T13:45:29+00:00</time>
      </trkpt>
      <trkpt lat="49.620834" lon="0.74675">
        <ele>194.1</ele>
        <time>2026-10-08T13:45:37+00:00</time>
      </trkpt>
      <trkpt lat="49.62085" lon="0.746754">
        <ele>194.6</ele>
        <time>2026-10-08T13:45:42+00:00</time>
      </trkpt>
      <trkpt lat="49.620873" lon="0.746725">
        <ele>198.6</ele>
        <time>2026-10-08T13:45:46+00:00</time>
      </trkpt>
      <trkpt lat="49.620888" lon="0.746728">
        <ele>199.6</ele>
        <time>2026-10-08T13:45:51+00:00</time>
      </trkpt>
      <trkpt lat="49.620892" lon="0.746743">
        <ele>199.1</ele>
        <time>2026-10-08T13:45:56+00:00</time>
      </trkpt>
      <trkpt lat="49.62093" lon="0.746775">
        <ele>197.6</ele>
        <time>2026-10-08T13:46:02+00:00</time>
      </trkpt>
      <trkpt lat="49.620907" lon="0.746782">
        <ele>196.8</ele>
        <time>2026-10-08T13:46:07+00:00</time>
      </trkpt>
      <trkpt lat="49.620892" lon="0.746768">
        <ele>196</ele>
        <time>2026-10-08T13:46:11+00:00</time>
      </trkpt>
      <trkpt lat="49.620892" lon="0.746768">
        <ele>196</ele>
        <time>2026-10-08T13:46:16+00:00</time>
      </trkpt>
      <trkpt lat="49.620899" lon="0.746786">
        <ele>195.6</ele>
        <time>2026-10-08T13:46:20+00:00</time>
      </trkpt>
      <trkpt lat="49.620873" lon="0.746834">
        <ele>195.6</ele>
        <time>2026-10-08T13:46:27+00:00</time>
      </trkpt>
      <trkpt lat="49.620873" lon="0.746834">
        <ele>195.6</ele>
        <time>2026-10-08T13:46:31+00:00</time>
      </trkpt>
      <trkpt lat="49.620823" lon="0.746817">
        <ele>192.9</ele>
        <time>2026-10-08T13:46:38+00:00</time>
      </trkpt>
      <trkpt lat="49.620815" lon="0.746817">
        <ele>193.1</ele>
        <time>2026-10-08T13:46:43+00:00</time>
      </trkpt>
      <trkpt lat="49.620815" lon="0.746817">
        <ele>193.1</ele>
        <time>2026-10-08T13:46:47+00:00</time>
      </trkpt>
      <trkpt lat="49.620815" lon="0.746824">
        <ele>193</ele>
        <time>2026-10-08T13:46:53+00:00</time>
      </trkpt>
      <trkpt lat="49.620815" lon="0.746824">
        <ele>193</ele>
        <time>2026-10-08T13:46:58+00:00</time>
      </trkpt>
      <trkpt lat="49.620815" lon="0.746824">
        <ele>193</ele>
        <time>2026-10-08T13:47:03+00:00</time>
      </trkpt>
      <trkpt lat="49.620804" lon="0.746803">
        <ele>194.2</ele>
        <time>2026-10-08T13:47:08+00:00</time>
      </trkpt>
      <trkpt lat="49.620747" lon="0.746827">
        <ele>195.3</ele>
        <time>2026-10-08T13:47:13+00:00</time>
      </trkpt>
      <trkpt lat="49.620747" lon="0.746827">
        <ele>195.3</ele>
        <time>2026-10-08T13:47:18+00:00</time>
      </trkpt>
      <trkpt lat="49.620796" lon="0.74681">
        <ele>195.6</ele>
        <time>2026-10-08T13:47:23+00:00</time>
      </trkpt>
      <trkpt lat="49.62085" lon="0.746836">
        <ele>197.2</ele>
        <time>2026-10-08T13:47:28+00:00</time>
      </trkpt>
      <trkpt lat="49.62085" lon="0.746836">
        <ele>197.2</ele>
        <time>2026-10-08T13:47:33+00:00</time>
      </trkpt>
      <trkpt lat="49.620853" lon="0.746826">
        <ele>197.4</ele>
        <time>2026-10-08T13:47:40+00:00</time>
      </trkpt>
      <trkpt lat="49.62085" lon="0.746851">
        <ele>198.1</ele>
        <time>2026-10-08T13:47:45+00:00</time>
      </trkpt>
      <trkpt lat="49.620937" lon="0.746921">
        <ele>198.1</ele>
        <time>2026-10-08T13:47:49+00:00</time>
      </trkpt>
      <trkpt lat="49.620983" lon="0.746952">
        <ele>198.9</ele>
        <time>2026-10-08T13:47:54+00:00</time>
      </trkpt>
      <trkpt lat="49.62088" lon="0.746853">
        <ele>199.6</ele>
        <time>2026-10-08T13:48:00+00:00</time>
      </trkpt>
      <trkpt lat="49.620812" lon="0.746803">
        <ele>198.5</ele>
        <time>2026-10-08T13:48:04+00:00</time>
      </trkpt>
      <trkpt lat="49.620804" lon="0.746811">
        <ele>196.9</ele>
        <time>2026-10-08T13:48:08+00:00</time>
      </trkpt>
      <trkpt lat="49.620815" lon="0.746802">
        <ele>196.6</ele>
        <time>2026-10-08T13:48:14+00:00</time>
      </trkpt>
      <trkpt lat="49.620815" lon="0.746802">
        <ele>196.6</ele>
        <time>2026-10-08T13:48:19+00:00</time>
      </trkpt>
      <trkpt lat="49.620812" lon="0.746791">
        <ele>199.2</ele>
        <time>2026-10-08T13:48:24+00:00</time>
      </trkpt>
      <trkpt lat="49.620812" lon="0.746791">
        <ele>199.2</ele>
        <time>2026-10-08T13:48:30+00:00</time>
      </trkpt>
      <trkpt lat="49.620812" lon="0.746791">
        <ele>199.2</ele>
        <time>2026-10-08T13:48:34+00:00</time>
      </trkpt>
      <trkpt lat="49.620812" lon="0.746791">
        <ele>199.2</ele>
        <time>2026-10-08T13:48:42+00:00</time>
      </trkpt>
      <trkpt lat="49.620853" lon="0.746809">
        <ele>196.9</ele>
        <time>2026-10-08T13:48:46+00:00</time>
      </trkpt>
      <trkpt lat="49.620853" lon="0.746809">
        <ele>196.9</ele>
        <time>2026-10-08T13:48:51+00:00</time>
      </trkpt>
      <trkpt lat="49.620831" lon="0.746814">
        <ele>196.3</ele>
        <time>2026-10-08T13:48:56+00:00</time>
      </trkpt>
      <trkpt lat="49.620831" lon="0.746814">
        <ele>196.3</ele>
        <time>2026-10-08T13:49:00+00:00</time>
      </trkpt>
      <trkpt lat="49.620842" lon="0.746832">
        <ele>198.5</ele>
        <time>2026-10-08T13:49:06+00:00</time>
      </trkpt>
      <trkpt lat="49.620842" lon="0.746832">
        <ele>198.5</ele>
        <time>2026-10-08T13:49:11+00:00</time>
      </trkpt>
      <trkpt lat="49.620842" lon="0.746832">
        <ele>198.5</ele>
        <time>2026-10-08T13:49:16+00:00</time>
      </trkpt>
      <trkpt lat="49.620853" lon="0.746851">
        <ele>198.6</ele>
        <time>2026-10-08T13:49:21+00:00</time>
      </trkpt>
      <trkpt lat="49.620853" lon="0.746851">
        <ele>198.6</ele>
        <time>2026-10-08T13:49:26+00:00</time>
      </trkpt>
      <trkpt lat="49.620853" lon="0.746851">
        <ele>198.6</ele>
        <time>2026-10-08T13:49:31+00:00</time>
      </trkpt>
      <trkpt lat="49.620853" lon="0.746831">
        <ele>199.8</ele>
        <time>2026-10-08T13:49:35+00:00</time>
      </trkpt>
      <trkpt lat="49.620869" lon="0.746838">
        <ele>200.7</ele>
        <time>2026-10-08T13:49:43+00:00</time>
      </trkpt>
      <trkpt lat="49.620834" lon="0.746816">
        <ele>199.6</ele>
        <time>2026-10-08T13:49:48+00:00</time>
      </trkpt>
      <trkpt lat="49.620842" lon="0.746816">
        <ele>199.2</ele>
        <time>2026-10-08T13:49:52+00:00</time>
      </trkpt>
      <trkpt lat="49.620842" lon="0.746816">
        <ele>199.2</ele>
        <time>2026-10-08T13:49:58+00:00</time>
      </trkpt>
      <trkpt lat="49.620823" lon="0.746828">
        <ele>199.2</ele>
        <time>2026-10-08T13:50:03+00:00</time>
      </trkpt>
      <trkpt lat="49.620773" lon="0.746814">
        <ele>199.6</ele>
        <time>2026-10-08T13:50:08+00:00</time>
      </trkpt>
      <trkpt lat="49.620777" lon="0.746817">
        <ele>196.6</ele>
        <time>2026-10-08T13:50:13+00:00</time>
      </trkpt>
      <trkpt lat="49.620777" lon="0.746816">
        <ele>195.4</ele>
        <time>2026-10-08T13:50:17+00:00</time>
      </trkpt>
      <trkpt lat="49.620796" lon="0.746817">
        <ele>196.7</ele>
        <time>2026-10-08T13:50:23+00:00</time>
      </trkpt>
      <trkpt lat="49.620831" lon="0.746817">
        <ele>197.6</ele>
        <time>2026-10-08T13:50:28+00:00</time>
      </trkpt>
      <trkpt lat="49.620831" lon="0.746817">
        <ele>197.6</ele>
        <time>2026-10-08T13:50:33+00:00</time>
      </trkpt>
      <trkpt lat="49.620831" lon="0.746817">
        <ele>197.6</ele>
        <time>2026-10-08T13:50:38+00:00</time>
      </trkpt>
      <trkpt lat="49.620834" lon="0.746826">
        <ele>197.9</ele>
        <time>2026-10-08T13:50:45+00:00</time>
      </trkpt>
      <trkpt lat="49.620834" lon="0.746826">
        <ele>199.4</ele>
        <time>2026-10-08T13:50:50+00:00</time>
      </trkpt>
      <trkpt lat="49.620834" lon="0.746833">
        <ele>199</ele>
        <time>2026-10-08T13:50:55+00:00</time>
      </trkpt>
      <trkpt lat="49.620842" lon="0.74684">
        <ele>199.3</ele>
        <time>2026-10-08T13:51:00+00:00</time>
      </trkpt>
      <trkpt lat="49.62085" lon="0.746838">
        <ele>196.8</ele>
        <time>2026-10-08T13:51:05+00:00</time>
      </trkpt>
      <trkpt lat="49.620949" lon="0.746895">
        <ele>195.7</ele>
        <time>2026-10-08T13:51:10+00:00</time>
      </trkpt>
      <trkpt lat="49.620888" lon="0.746857">
        <ele>195.8</ele>
        <time>2026-10-08T13:51:14+00:00</time>
      </trkpt>
      <trkpt lat="49.620873" lon="0.746824">
        <ele>195.7</ele>
        <time>2026-10-08T13:51:20+00:00</time>
      </trkpt>
      <trkpt lat="49.620842" lon="0.746802">
        <ele>194.9</ele>
        <time>2026-10-08T13:51:25+00:00</time>
      </trkpt>
      <trkpt lat="49.620834" lon="0.746794">
        <ele>196.4</ele>
        <time>2026-10-08T13:51:30+00:00</time>
      </trkpt>
      <trkpt lat="49.620796" lon="0.746791">
        <ele>197</ele>
        <time>2026-10-08T13:51:35+00:00</time>
      </trkpt>
      <trkpt lat="49.620796" lon="0.746791">
        <ele>197</ele>
        <time>2026-10-08T13:51:40+00:00</time>
      </trkpt>
      <trkpt lat="49.620815" lon="0.746805">
        <ele>196.4</ele>
        <time>2026-10-08T13:51:46+00:00</time>
      </trkpt>
      <trkpt lat="49.620812" lon="0.74681">
        <ele>197</ele>
        <time>2026-10-08T13:51:52+00:00</time>
      </trkpt>
      <trkpt lat="49.620796" lon="0.746801">
        <ele>197</ele>
        <time>2026-10-08T13:51:57+00:00</time>
      </trkpt>
      <trkpt lat="49.620804" lon="0.746805">
        <ele>197.8</ele>
        <time>2026-10-08T13:52:01+00:00</time>
      </trkpt>
      <trkpt lat="49.620842" lon="0.746802">
        <ele>197.5</ele>
        <time>2026-10-08T13:52:07+00:00</time>
      </trkpt>
      <trkpt lat="49.620861" lon="0.746823">
        <ele>197.7</ele>
        <time>2026-10-08T13:52:12+00:00</time>
      </trkpt>
      <trkpt lat="49.620861" lon="0.746823">
        <ele>197.7</ele>
        <time>2026-10-08T13:52:16+00:00</time>
      </trkpt>
      <trkpt lat="49.62085" lon="0.746806">
        <ele>197.4</ele>
        <time>2026-10-08T13:52:22+00:00</time>
      </trkpt>
      <trkpt lat="49.62085" lon="0.746806">
        <ele>197.4</ele>
        <time>2026-10-08T13:52:27+00:00</time>
      </trkpt>
      <trkpt lat="49.620853" lon="0.746829">
        <ele>198.3</ele>
        <time>2026-10-08T13:52:32+00:00</time>
      </trkpt>
      <trkpt lat="49.620853" lon="0.746829">
        <ele>198.3</ele>
        <time>2026-10-08T13:52:37+00:00</time>
      </trkpt>
      <trkpt lat="49.620873" lon="0.746858">
        <ele>199.9</ele>
        <time>2026-10-08T13:52:42+00:00</time>
      </trkpt>
      <trkpt lat="49.620892" lon="0.74687">
        <ele>199.9</ele>
        <time>2026-10-08T13:52:49+00:00</time>
      </trkpt>
      <trkpt lat="49.620899" lon="0.746905">
        <ele>199.2</ele>
        <time>2026-10-08T13:52:54+00:00</time>
      </trkpt>
      <trkpt lat="49.620926" lon="0.746935">
        <ele>199.2</ele>
        <time>2026-10-08T13:52:59+00:00</time>
      </trkpt>
      <trkpt lat="49.620911" lon="0.746918">
        <ele>198.2</ele>
        <time>2026-10-08T13:53:03+00:00</time>
      </trkpt>
      <trkpt lat="49.620911" lon="0.746918">
        <ele>198.2</ele>
        <time>2026-10-08T13:53:08+00:00</time>
      </trkpt>
      <trkpt lat="49.620853" lon="0.746871">
        <ele>199.3</ele>
        <time>2026-10-08T13:53:14+00:00</time>
      </trkpt>
      <trkpt lat="49.620853" lon="0.746869">
        <ele>199.2</ele>
        <time>2026-10-08T13:53:18+00:00</time>
      </trkpt>
      <trkpt lat="49.620853" lon="0.746886">
        <ele>199.1</ele>
        <time>2026-10-08T13:53:23+00:00</time>
      </trkpt>
      <trkpt lat="49.62085" lon="0.746873">
        <ele>198.9</ele>
        <time>2026-10-08T13:53:28+00:00</time>
      </trkpt>
      <trkpt lat="49.620853" lon="0.746868">
        <ele>200</ele>
        <time>2026-10-08T13:53:33+00:00</time>
      </trkpt>
      <trkpt lat="49.620831" lon="0.746856">
        <ele>200.3</ele>
        <time>2026-10-08T13:53:38+00:00</time>
      </trkpt>
      <trkpt lat="49.62088" lon="0.746884">
        <ele>200.8</ele>
        <time>2026-10-08T13:53:44+00:00</time>
      </trkpt>
      <trkpt lat="49.620861" lon="0.746882">
        <ele>203.1</ele>
        <time>2026-10-08T13:53:51+00:00</time>
      </trkpt>
      <trkpt lat="49.620869" lon="0.746871">
        <ele>203.3</ele>
        <time>2026-10-08T13:53:55+00:00</time>
      </trkpt>
      <trkpt lat="49.620869" lon="0.746871">
        <ele>203.3</ele>
        <time>2026-10-08T13:54:00+00:00</time>
      </trkpt>
      <trkpt lat="49.62085" lon="0.746864">
        <ele>202.4</ele>
        <time>2026-10-08T13:54:05+00:00</time>
      </trkpt>
      <trkpt lat="49.620853" lon="0.746869">
        <ele>201.8</ele>
        <time>2026-10-08T13:54:10+00:00</time>
      </trkpt>
      <trkpt lat="49.620842" lon="0.746862">
        <ele>201.9</ele>
        <time>2026-10-08T13:54:15+00:00</time>
      </trkpt>
      <trkpt lat="49.620831" lon="0.74685">
        <ele>201.6</ele>
        <time>2026-10-08T13:54:19+00:00</time>
      </trkpt>
      <trkpt lat="49.620831" lon="0.746841">
        <ele>200.9</ele>
        <time>2026-10-08T13:54:25+00:00</time>
      </trkpt>
      <trkpt lat="49.620831" lon="0.746841">
        <ele>200.9</ele>
        <time>2026-10-08T13:54:30+00:00</time>
      </trkpt>
      <trkpt lat="49.620831" lon="0.746841">
        <ele>200.9</ele>
        <time>2026-10-08T13:54:34+00:00</time>
      </trkpt>
      <trkpt lat="49.620831" lon="0.746841">
        <ele>200.9</ele>
        <time>2026-10-08T13:54:40+00:00</time>
      </trkpt>
      <trkpt lat="49.620873" lon="0.746855">
        <ele>202.5</ele>
        <time>2026-10-08T13:54:45+00:00</time>
      </trkpt>
      <trkpt lat="49.620873" lon="0.746855">
        <ele>202.5</ele>
        <time>2026-10-08T13:54:53+00:00</time>
      </trkpt>
      <trkpt lat="49.620873" lon="0.746867">
        <ele>204.6</ele>
        <time>2026-10-08T13:54:56+00:00</time>
      </trkpt>
      <trkpt lat="49.620873" lon="0.746867">
        <ele>204.6</ele>
        <time>2026-10-08T13:55:02+00:00</time>
      </trkpt>
      <trkpt lat="49.620873" lon="0.746867">
        <ele>204.6</ele>
        <time>2026-10-08T13:55:07+00:00</time>
      </trkpt>
      <trkpt lat="49.620873" lon="0.746867">
        <ele>204.6</ele>
        <time>2026-10-08T13:55:11+00:00</time>
      </trkpt>
      <trkpt lat="49.62088" lon="0.746886">
        <ele>205.1</ele>
        <time>2026-10-08T13:55:17+00:00</time>
      </trkpt>
      <trkpt lat="49.62088" lon="0.746886">
        <ele>205.1</ele>
        <time>2026-10-08T13:55:22+00:00</time>
      </trkpt>
      <trkpt lat="49.620869" lon="0.746889">
        <ele>204.6</ele>
        <time>2026-10-08T13:55:26+00:00</time>
      </trkpt>
      <trkpt lat="49.62085" lon="0.746862">
        <ele>204.6</ele>
        <time>2026-10-08T13:55:32+00:00</time>
      </trkpt>
      <trkpt lat="49.62085" lon="0.746862">
        <ele>204.6</ele>
        <time>2026-10-08T13:55:37+00:00</time>
      </trkpt>
      <trkpt lat="49.62085" lon="0.746862">
        <ele>204.6</ele>
        <time>2026-10-08T13:55:41+00:00</time>
      </trkpt>
      <trkpt lat="49.62085" lon="0.746862">
        <ele>204.6</ele>
        <time>2026-10-08T13:55:48+00:00</time>
      </trkpt>
      <trkpt lat="49.62085" lon="0.746862">
        <ele>204.6</ele>
        <time>2026-10-08T13:55:54+00:00</time>
      </trkpt>
      <trkpt lat="49.62085" lon="0.746862">
        <ele>204.6</ele>
        <time>2026-10-08T13:55:58+00:00</time>
      </trkpt>
      <trkpt lat="49.62088" lon="0.746863">
        <ele>199.4</ele>
        <time>2026-10-08T13:56:04+00:00</time>
      </trkpt>
      <trkpt lat="49.620888" lon="0.746847">
        <ele>199.5</ele>
        <time>2026-10-08T13:56:08+00:00</time>
      </trkpt>
      <trkpt lat="49.620888" lon="0.746848">
        <ele>201.3</ele>
        <time>2026-10-08T13:56:13+00:00</time>
      </trkpt>
      <trkpt lat="49.620892" lon="0.746848">
        <ele>202.9</ele>
        <time>2026-10-08T13:56:19+00:00</time>
      </trkpt>
      <trkpt lat="49.620892" lon="0.746848">
        <ele>202.9</ele>
        <time>2026-10-08T13:56:24+00:00</time>
      </trkpt>
      <trkpt lat="49.620892" lon="0.746848">
        <ele>202.9</ele>
        <time>2026-10-08T13:56:29+00:00</time>
      </trkpt>
      <trkpt lat="49.620892" lon="0.746848">
        <ele>202.9</ele>
        <time>2026-10-08T13:56:34+00:00</time>
      </trkpt>
      <trkpt lat="49.620892" lon="0.746848">
        <ele>202.9</ele>
        <time>2026-10-08T13:56:38+00:00</time>
      </trkpt>
      <trkpt lat="49.620892" lon="0.746848">
        <ele>202.9</ele>
        <time>2026-10-08T13:56:42+00:00</time>
      </trkpt>
      <trkpt lat="49.620918" lon="0.746829">
        <ele>202</ele>
        <time>2026-10-08T13:56:49+00:00</time>
      </trkpt>
      <trkpt lat="49.620918" lon="0.746829">
        <ele>204.9</ele>
        <time>2026-10-08T13:56:56+00:00</time>
      </trkpt>
      <trkpt lat="49.620918" lon="0.746829">
        <ele>204.9</ele>
        <time>2026-10-08T13:57:00+00:00</time>
      </trkpt>
      <trkpt lat="49.620918" lon="0.746829">
        <ele>204.9</ele>
        <time>2026-10-08T13:57:06+00:00</time>
      </trkpt>
      <trkpt lat="49.620918" lon="0.746829">
        <ele>204.9</ele>
        <time>2026-10-08T13:57:10+00:00</time>
      </trkpt>
      <trkpt lat="49.620918" lon="0.746829">
        <ele>204.9</ele>
        <time>2026-10-08T13:57:15+00:00</time>
      </trkpt>
      <trkpt lat="49.620892" lon="0.746833">
        <ele>207.8</ele>
        <time>2026-10-08T13:57:19+00:00</time>
      </trkpt>
      <trkpt lat="49.620892" lon="0.746833">
        <ele>207.8</ele>
        <time>2026-10-08T13:57:25+00:00</time>
      </trkpt>
      <trkpt lat="49.62088" lon="0.746837">
        <ele>207.4</ele>
        <time>2026-10-08T13:57:30+00:00</time>
      </trkpt>
      <trkpt lat="49.62088" lon="0.746837">
        <ele>207.4</ele>
        <time>2026-10-08T13:57:34+00:00</time>
      </trkpt>
      <trkpt lat="49.62088" lon="0.74685">
        <ele>208.8</ele>
        <time>2026-10-08T13:57:40+00:00</time>
      </trkpt>
      <trkpt lat="49.620888" lon="0.746863">
        <ele>208</ele>
        <time>2026-10-08T13:57:45+00:00</time>
      </trkpt>
      <trkpt lat="49.620888" lon="0.746863">
        <ele>208</ele>
        <time>2026-10-08T13:57:49+00:00</time>
      </trkpt>
      <trkpt lat="49.620861" lon="0.746829">
        <ele>204</ele>
        <time>2026-10-08T13:57:58+00:00</time>
      </trkpt>
      <trkpt lat="49.620853" lon="0.746812">
        <ele>204.2</ele>
        <time>2026-10-08T13:58:03+00:00</time>
      </trkpt>
      <trkpt lat="49.620853" lon="0.746812">
        <ele>204.2</ele>
        <time>2026-10-08T13:58:07+00:00</time>
      </trkpt>
      <trkpt lat="49.620853" lon="0.746812">
        <ele>204.2</ele>
        <time>2026-10-08T13:58:12+00:00</time>
      </trkpt>
      <trkpt lat="49.620853" lon="0.746812">
        <ele>204.2</ele>
        <time>2026-10-08T13:58:17+00:00</time>
      </trkpt>
      <trkpt lat="49.620853" lon="0.746812">
        <ele>204.2</ele>
        <time>2026-10-08T13:58:22+00:00</time>
      </trkpt>
      <trkpt lat="49.620853" lon="0.746812">
        <ele>204.2</ele>
        <time>2026-10-08T13:58:27+00:00</time>
      </trkpt>
      <trkpt lat="49.620853" lon="0.746812">
        <ele>204.2</ele>
        <time>2026-10-08T13:58:32+00:00</time>
      </trkpt>
      <trkpt lat="49.620853" lon="0.746812">
        <ele>204.2</ele>
        <time>2026-10-08T13:58:37+00:00</time>
      </trkpt>
      <trkpt lat="49.620853" lon="0.746812">
        <ele>204.2</ele>
        <time>2026-10-08T13:58:42+00:00</time>
      </trkpt>
      <trkpt lat="49.620853" lon="0.746812">
        <ele>204.2</ele>
        <time>2026-10-08T13:58:48+00:00</time>
      </trkpt>
      <trkpt lat="49.620853" lon="0.746812">
        <ele>204.2</ele>
        <time>2026-10-08T13:58:52+00:00</time>
      </trkpt>
      <trkpt lat="49.620888" lon="0.746808">
        <ele>207.1</ele>
        <time>2026-10-08T13:59:00+00:00</time>
      </trkpt>
      <trkpt lat="49.620888" lon="0.746808">
        <ele>207.1</ele>
        <time>2026-10-08T13:59:04+00:00</time>
      </trkpt>
      <trkpt lat="49.620888" lon="0.746808">
        <ele>207.1</ele>
        <time>2026-10-08T13:59:09+00:00</time>
      </trkpt>
      <trkpt lat="49.620892" lon="0.746816">
        <ele>208.3</ele>
        <time>2026-10-08T13:59:15+00:00</time>
      </trkpt>
      <trkpt lat="49.620892" lon="0.746816">
        <ele>208.3</ele>
        <time>2026-10-08T13:59:20+00:00</time>
      </trkpt>
      <trkpt lat="49.620892" lon="0.746816">
        <ele>208.3</ele>
        <time>2026-10-08T13:59:24+00:00</time>
      </trkpt>
      <trkpt lat="49.620918" lon="0.746842">
        <ele>207.4</ele>
        <time>2026-10-08T13:59:30+00:00</time>
      </trkpt>
      <trkpt lat="49.620918" lon="0.746842">
        <ele>207.4</ele>
        <time>2026-10-08T13:59:35+00:00</time>
      </trkpt>
      <trkpt lat="49.620918" lon="0.746842">
        <ele>207.4</ele>
        <time>2026-10-08T13:59:39+00:00</time>
      </trkpt>
      <trkpt lat="49.620918" lon="0.746842">
        <ele>207.4</ele>
        <time>2026-10-08T13:59:44+00:00</time>
      </trkpt>
      <trkpt lat="49.620918" lon="0.746842">
        <ele>207.4</ele>
        <time>2026-10-08T13:59:49+00:00</time>
      </trkpt>
      <trkpt lat="49.620899" lon="0.74683">
        <ele>206.6</ele>
        <time>2026-10-08T13:59:54+00:00</time>
      </trkpt>
    </trkseg>
  </trk>
  <trk>
    <name><![CDATA[OsmAnd 2026-10-08 16]]></name>
    <trkseg>
      <trkpt lat="49.620869" lon="0.746808">
        <ele>205.8</ele>
        <time>2026-10-08T14:00:02+00:00</time>
      </trkpt>
      <trkpt lat="49.620869" lon="0.746808">
        <ele>205.8</ele>
        <time>2026-10-08T14:00:06+00:00</time>
      </trkpt>
      <trkpt lat="49.620869" lon="0.746808">
        <ele>205.8</ele>
        <time>2026-10-08T14:00:10+00:00</time>
      </trkpt>
      <trkpt lat="49.62085" lon="0.746777">
        <ele>206.2</ele>
        <time>2026-10-08T14:00:16+00:00</time>
      </trkpt>
      <trkpt lat="49.620842" lon="0.746788">
        <ele>206.9</ele>
        <time>2026-10-08T14:00:21+00:00</time>
      </trkpt>
      <trkpt lat="49.620831" lon="0.746779">
        <ele>207.2</ele>
        <time>2026-10-08T14:00:26+00:00</time>
      </trkpt>
      <trkpt lat="49.620834" lon="0.746792">
        <ele>205.8</ele>
        <time>2026-10-08T14:00:30+00:00</time>
      </trkpt>
      <trkpt lat="49.620834" lon="0.746792">
        <ele>205.8</ele>
        <time>2026-10-08T14:00:36+00:00</time>
      </trkpt>
      <trkpt lat="49.620834" lon="0.746823">
        <ele>205.5</ele>
        <time>2026-10-08T14:00:42+00:00</time>
      </trkpt>
      <trkpt lat="49.620834" lon="0.746823">
        <ele>205.5</ele>
        <time>2026-10-08T14:00:46+00:00</time>
      </trkpt>
      <trkpt lat="49.620853" lon="0.746839">
        <ele>204.9</ele>
        <time>2026-10-08T14:00:51+00:00</time>
      </trkpt>
      <trkpt lat="49.620834" lon="0.746816">
        <ele>205.5</ele>
        <time>2026-10-08T14:00:56+00:00</time>
      </trkpt>
      <trkpt lat="49.620834" lon="0.746816">
        <ele>205.5</ele>
        <time>2026-10-08T14:01:04+00:00</time>
      </trkpt>
      <trkpt lat="49.620831" lon="0.746809">
        <ele>206.8</ele>
        <time>2026-10-08T14:01:08+00:00</time>
      </trkpt>
      <trkpt lat="49.620831" lon="0.746809">
        <ele>206.8</ele>
        <time>2026-10-08T14:01:12+00:00</time>
      </trkpt>
      <trkpt lat="49.620831" lon="0.746809">
        <ele>206.8</ele>
        <time>2026-10-08T14:01:18+00:00</time>
      </trkpt>
      <trkpt lat="49.620861" lon="0.746843">
        <ele>209.3</ele>
        <time>2026-10-08T14:01:23+00:00</time>
      </trkpt>
      <trkpt lat="49.620861" lon="0.746843">
        <ele>209.3</ele>
        <time>2026-10-08T14:01:28+00:00</time>
      </trkpt>
      <trkpt lat="49.620861" lon="0.746843">
        <ele>209.3</ele>
        <time>2026-10-08T14:01:32+00:00</time>
      </trkpt>
      <trkpt lat="49.620861" lon="0.746843">
        <ele>209.3</ele>
        <time>2026-10-08T14:01:39+00:00</time>
      </trkpt>
      <trkpt lat="49.620861" lon="0.746843">
        <ele>209.3</ele>
        <time>2026-10-08T14:01:43+00:00</time>
      </trkpt>
      <trkpt lat="49.620869" lon="0.746836">
        <ele>207.6</ele>
        <time>2026-10-08T14:01:49+00:00</time>
      </trkpt>
      <trkpt lat="49.620869" lon="0.746836">
        <ele>207.6</ele>
        <time>2026-10-08T14:01:53+00:00</time>
      </trkpt>
      <trkpt lat="49.620869" lon="0.746836">
        <ele>207.6</ele>
        <time>2026-10-08T14:01:58+00:00</time>
      </trkpt>
      <trkpt lat="49.620869" lon="0.746836">
        <ele>207.6</ele>
        <time>2026-10-08T14:02:05+00:00</time>
      </trkpt>
      <trkpt lat="49.620869" lon="0.746836">
        <ele>207.6</ele>
        <time>2026-10-08T14:02:10+00:00</time>
      </trkpt>
      <trkpt lat="49.620869" lon="0.746836">
        <ele>207.6</ele>
        <time>2026-10-08T14:02:15+00:00</time>
      </trkpt>
      <trkpt lat="49.620869" lon="0.746836">
        <ele>207.6</ele>
        <time>2026-10-08T14:02:20+00:00</time>
      </trkpt>
      <trkpt lat="49.620853" lon="0.746812">
        <ele>203.9</ele>
        <time>2026-10-08T14:02:25+00:00</time>
      </trkpt>
      <trkpt lat="49.620842" lon="0.7468">
        <ele>200.9</ele>
        <time>2026-10-08T14:02:30+00:00</time>
      </trkpt>
      <trkpt lat="49.620873" lon="0.746826">
        <ele>200.2</ele>
        <time>2026-10-08T14:02:34+00:00</time>
      </trkpt>
      <trkpt lat="49.620869" lon="0.746799">
        <ele>199.3</ele>
        <time>2026-10-08T14:02:39+00:00</time>
      </trkpt>
      <trkpt lat="49.620869" lon="0.746799">
        <ele>199.3</ele>
        <time>2026-10-08T14:02:45+00:00</time>
      </trkpt>
      <trkpt lat="49.620869" lon="0.746799">
        <ele>199.3</ele>
        <time>2026-10-08T14:02:49+00:00</time>
      </trkpt>
      <trkpt lat="49.620873" lon="0.746753">
        <ele>199.7</ele>
        <time>2026-10-08T14:02:54+00:00</time>
      </trkpt>
      <trkpt lat="49.620873" lon="0.746753">
        <ele>199.7</ele>
        <time>2026-10-08T14:03:00+00:00</time>
      </trkpt>
      <trkpt lat="49.620869" lon="0.746771">
        <ele>199.1</ele>
        <time>2026-10-08T14:03:07+00:00</time>
      </trkpt>
      <trkpt lat="49.620869" lon="0.746771">
        <ele>199.1</ele>
        <time>2026-10-08T14:03:12+00:00</time>
      </trkpt>
      <trkpt lat="49.620869" lon="0.746771">
        <ele>199.1</ele>
        <time>2026-10-08T14:03:17+00:00</time>
      </trkpt>
      <trkpt lat="49.620869" lon="0.746771">
        <ele>199.1</ele>
        <time>2026-10-08T14:03:22+00:00</time>
      </trkpt>
      <trkpt lat="49.620869" lon="0.746771">
        <ele>199.1</ele>
        <time>2026-10-08T14:03:26+00:00</time>
      </trkpt>
      <trkpt lat="49.620869" lon="0.746771">
        <ele>199.1</ele>
        <time>2026-10-08T14:03:32+00:00</time>
      </trkpt>
      <trkpt lat="49.620869" lon="0.746771">
        <ele>199.1</ele>
        <time>2026-10-08T14:03:36+00:00</time>
      </trkpt>
      <trkpt lat="49.620869" lon="0.746771">
        <ele>199.1</ele>
        <time>2026-10-08T14:03:41+00:00</time>
      </trkpt>
      <trkpt lat="49.620831" lon="0.746785">
        <ele>192</ele>
        <time>2026-10-08T14:03:47+00:00</time>
      </trkpt>
      <trkpt lat="49.620831" lon="0.746785">
        <ele>192</ele>
        <time>2026-10-08T14:03:52+00:00</time>
      </trkpt>
      <trkpt lat="49.620831" lon="0.746785">
        <ele>192</ele>
        <time>2026-10-08T14:03:56+00:00</time>
      </trkpt>
      <trkpt lat="49.620831" lon="0.746785">
        <ele>192</ele>
        <time>2026-10-08T14:04:02+00:00</time>
      </trkpt>
      <trkpt lat="49.620831" lon="0.746785">
        <ele>192</ele>
        <time>2026-10-08T14:04:09+00:00</time>
      </trkpt>
      <trkpt lat="49.62085" lon="0.746792">
        <ele>190.9</ele>
        <time>2026-10-08T14:04:14+00:00</time>
      </trkpt>
      <trkpt lat="49.62085" lon="0.746792">
        <ele>190.9</ele>
        <time>2026-10-08T14:04:18+00:00</time>
      </trkpt>
      <trkpt lat="49.62085" lon="0.746792">
        <ele>190.9</ele>
        <time>2026-10-08T14:04:23+00:00</time>
      </trkpt>
      <trkpt lat="49.620873" lon="0.746799">
        <ele>192.9</ele>
        <time>2026-10-08T14:04:29+00:00</time>
      </trkpt>
      <trkpt lat="49.620888" lon="0.746796">
        <ele>193</ele>
        <time>2026-10-08T14:04:34+00:00</time>
      </trkpt>
      <trkpt lat="49.620888" lon="0.746796">
        <ele>193</ele>
        <time>2026-10-08T14:04:39+00:00</time>
      </trkpt>
      <trkpt lat="49.620888" lon="0.746796">
        <ele>193</ele>
        <time>2026-10-08T14:04:43+00:00</time>
      </trkpt>
      <trkpt lat="49.620907" lon="0.746804">
        <ele>193.9</ele>
        <time>2026-10-08T14:04:49+00:00</time>
      </trkpt>
      <trkpt lat="49.620907" lon="0.746804">
        <ele>193.9</ele>
        <time>2026-10-08T14:04:54+00:00</time>
      </trkpt>
      <trkpt lat="49.620892" lon="0.746795">
        <ele>191.4</ele>
        <time>2026-10-08T14:04:59+00:00</time>
      </trkpt>
      <trkpt lat="49.62088" lon="0.746781">
        <ele>191.7</ele>
        <time>2026-10-08T14:05:03+00:00</time>
      </trkpt>
      <trkpt lat="49.62088" lon="0.746781">
        <ele>191.7</ele>
        <time>2026-10-08T14:05:11+00:00</time>
      </trkpt>
      <trkpt lat="49.62088" lon="0.746781">
        <ele>191.7</ele>
        <time>2026-10-08T14:05:16+00:00</time>
      </trkpt>
      <trkpt lat="49.620911" lon="0.74678">
        <ele>194.9</ele>
        <time>2026-10-08T14:05:21+00:00</time>
      </trkpt>
      <trkpt lat="49.620899" lon="0.746773">
        <ele>194</ele>
        <time>2026-10-08T14:05:26+00:00</time>
      </trkpt>
      <trkpt lat="49.620892" lon="0.746776">
        <ele>194.7</ele>
        <time>2026-10-08T14:05:30+00:00</time>
      </trkpt>
      <trkpt lat="49.620892" lon="0.746763">
        <ele>193.8</ele>
        <time>2026-10-08T14:05:36+00:00</time>
      </trkpt>
      <trkpt lat="49.620892" lon="0.746759">
        <ele>193.7</ele>
        <time>2026-10-08T14:05:41+00:00</time>
      </trkpt>
      <trkpt lat="49.620892" lon="0.746759">
        <ele>193.7</ele>
        <time>2026-10-08T14:05:46+00:00</time>
      </trkpt>
      <trkpt lat="49.620892" lon="0.746759">
        <ele>193.7</ele>
        <time>2026-10-08T14:05:50+00:00</time>
      </trkpt>
      <trkpt lat="49.620892" lon="0.746759">
        <ele>193.7</ele>
        <time>2026-10-08T14:05:56+00:00</time>
      </trkpt>
      <trkpt lat="49.620892" lon="0.746788">
        <ele>193</ele>
        <time>2026-10-08T14:06:01+00:00</time>
      </trkpt>
      <trkpt lat="49.620888" lon="0.746803">
        <ele>192.6</ele>
        <time>2026-10-08T14:06:06+00:00</time>
      </trkpt>
      <trkpt lat="49.620869" lon="0.746806">
        <ele>191.6</ele>
        <time>2026-10-08T14:06:13+00:00</time>
      </trkpt>
      <trkpt lat="49.620869" lon="0.746806">
        <ele>191.6</ele>
        <time>2026-10-08T14:06:17+00:00</time>
      </trkpt>
      <trkpt lat="49.620869" lon="0.746806">
        <ele>191.6</ele>
        <time>2026-10-08T14:06:23+00:00</time>
      </trkpt>
      <trkpt lat="49.620869" lon="0.746806">
        <ele>191.6</ele>
        <time>2026-10-08T14:06:28+00:00</time>
      </trkpt>
      <trkpt lat="49.620869" lon="0.746806">
        <ele>191.6</ele>
        <time>2026-10-08T14:06:33+00:00</time>
      </trkpt>
      <trkpt lat="49.620869" lon="0.746806">
        <ele>191.6</ele>
        <time>2026-10-08T14:06:37+00:00</time>
      </trkpt>
      <trkpt lat="49.620869" lon="0.746806">
        <ele>191.6</ele>
        <time>2026-10-08T14:06:43+00:00</time>
      </trkpt>
      <trkpt lat="49.620869" lon="0.746806">
        <ele>191.6</ele>
        <time>2026-10-08T14:06:48+00:00</time>
      </trkpt>
      <trkpt lat="49.620869" lon="0.746806">
        <ele>191.6</ele>
        <time>2026-10-08T14:06:53+00:00</time>
      </trkpt>
      <trkpt lat="49.620869" lon="0.746806">
        <ele>191.6</ele>
        <time>2026-10-08T14:06:57+00:00</time>
      </trkpt>
      <trkpt lat="49.620869" lon="0.746806">
        <ele>191.6</ele>
        <time>2026-10-08T14:07:03+00:00</time>
      </trkpt>
      <trkpt lat="49.620869" lon="0.746806">
        <ele>191.6</ele>
        <time>2026-10-08T14:07:08+00:00</time>
      </trkpt>
      <trkpt lat="49.620869" lon="0.746806">
        <ele>191.6</ele>
        <time>2026-10-08T14:07:15+00:00</time>
      </trkpt>
      <trkpt lat="49.620869" lon="0.746806">
        <ele>191.6</ele>
        <time>2026-10-08T14:07:20+00:00</time>
      </trkpt>
      <trkpt lat="49.620869" lon="0.746806">
        <ele>191.6</ele>
        <time>2026-10-08T14:07:24+00:00</time>
      </trkpt>
      <trkpt lat="49.620869" lon="0.746806">
        <ele>191.6</ele>
        <time>2026-10-08T14:07:29+00:00</time>
      </trkpt>
      <trkpt lat="49.620869" lon="0.746806">
        <ele>191.6</ele>
        <time>2026-10-08T14:07:34+00:00</time>
      </trkpt>
      <trkpt lat="49.620869" lon="0.746806">
        <ele>191.6</ele>
        <time>2026-10-08T14:07:38+00:00</time>
      </trkpt>
      <trkpt lat="49.620869" lon="0.746806">
        <ele>191.6</ele>
        <time>2026-10-08T14:07:44+00:00</time>
      </trkpt>
      <trkpt lat="49.620869" lon="0.746806">
        <ele>191.6</ele>
        <time>2026-10-08T14:07:50+00:00</time>
      </trkpt>
      <trkpt lat="49.620869" lon="0.746806">
        <ele>191.6</ele>
        <time>2026-10-08T14:07:54+00:00</time>
      </trkpt>
      <trkpt lat="49.620869" lon="0.746806">
        <ele>191.6</ele>
        <time>2026-10-08T14:08:00+00:00</time>
      </trkpt>
      <trkpt lat="49.620869" lon="0.746806">
        <ele>191.6</ele>
        <time>2026-10-08T14:08:04+00:00</time>
      </trkpt>
      <trkpt lat="49.620869" lon="0.746806">
        <ele>191.6</ele>
        <time>2026-10-08T14:08:09+00:00</time>
      </trkpt>
      <trkpt lat="49.620869" lon="0.746806">
        <ele>191.6</ele>
        <time>2026-10-08T14:08:17+00:00</time>
      </trkpt>
      <trkpt lat="49.620869" lon="0.746806">
        <ele>191.6</ele>
        <time>2026-10-08T14:08:21+00:00</time>
      </trkpt>
      <trkpt lat="49.620869" lon="0.746806">
        <ele>191.6</ele>
        <time>2026-10-08T14:08:25+00:00</time>
      </trkpt>
      <trkpt lat="49.620869" lon="0.746806">
        <ele>191.6</ele>
        <time>2026-10-08T14:08:31+00:00</time>
      </trkpt>
      <trkpt lat="49.620869" lon="0.746806">
        <ele>191.6</ele>
        <time>2026-10-08T14:08:36+00:00</time>
      </trkpt>
      <trkpt lat="49.620869" lon="0.746806">
        <ele>191.6</ele>
        <time>2026-10-08T14:08:41+00:00</time>
      </trkpt>
      <trkpt lat="49.620869" lon="0.746806">
        <ele>191.6</ele>
        <time>2026-10-08T14:08:45+00:00</time>
      </trkpt>
      <trkpt lat="49.620869" lon="0.746806">
        <ele>191.6</ele>
        <time>2026-10-08T14:08:51+00:00</time>
      </trkpt>
      <trkpt lat="49.620869" lon="0.746806">
        <ele>191.6</ele>
        <time>2026-10-08T14:08:56+00:00</time>
      </trkpt>
      <trkpt lat="49.620869" lon="0.746806">
        <ele>191.6</ele>
        <time>2026-10-08T14:09:01+00:00</time>
      </trkpt>
      <trkpt lat="49.620869" lon="0.746806">
        <ele>191.6</ele>
        <time>2026-10-08T14:09:06+00:00</time>
      </trkpt>
      <trkpt lat="49.620869" lon="0.746806">
        <ele>191.6</ele>
        <time>2026-10-08T14:09:11+00:00</time>
      </trkpt>
      <trkpt lat="49.620869" lon="0.746806">
        <ele>191.6</ele>
        <time>2026-10-08T14:09:18+00:00</time>
      </trkpt>
      <trkpt lat="49.620869" lon="0.746806">
        <ele>191.6</ele>
        <time>2026-10-08T14:09:23+00:00</time>
      </trkpt>
      <trkpt lat="49.620869" lon="0.746806">
        <ele>191.6</ele>
        <time>2026-10-08T14:09:28+00:00</time>
      </trkpt>
      <trkpt lat="49.620869" lon="0.746806">
        <ele>191.6</ele>
        <time>2026-10-08T14:09:32+00:00</time>
      </trkpt>
      <trkpt lat="49.620869" lon="0.746806">
        <ele>191.6</ele>
        <time>2026-10-08T14:09:37+00:00</time>
      </trkpt>
      <trkpt lat="49.620869" lon="0.746806">
        <ele>191.6</ele>
        <time>2026-10-08T14:09:42+00:00</time>
      </trkpt>
      <trkpt lat="49.620869" lon="0.746806">
        <ele>191.6</ele>
        <time>2026-10-08T14:09:47+00:00</time>
      </trkpt>
      <trkpt lat="49.620869" lon="0.746806">
        <ele>191.6</ele>
        <time>2026-10-08T14:09:52+00:00</time>
      </trkpt>
      <trkpt lat="49.620869" lon="0.746806">
        <ele>191.6</ele>
        <time>2026-10-08T14:09:58+00:00</time>
      </trkpt>
      <trkpt lat="49.620869" lon="0.746806">
        <ele>191.6</ele>
        <time>2026-10-08T14:10:03+00:00</time>
      </trkpt>
      <trkpt lat="49.620869" lon="0.746806">
        <ele>191.6</ele>
        <time>2026-10-08T14:10:08+00:00</time>
      </trkpt>
      <trkpt lat="49.620869" lon="0.746806">
        <ele>191.6</ele>
        <time>2026-10-08T14:10:12+00:00</time>
      </trkpt>
      <trkpt lat="49.620869" lon="0.746806">
        <ele>191.6</ele>
        <time>2026-10-08T14:10:20+00:00</time>
      </trkpt>
      <trkpt lat="49.620869" lon="0.746806">
        <ele>191.6</ele>
        <time>2026-10-08T14:10:24+00:00</time>
      </trkpt>
      <trkpt lat="49.620869" lon="0.746806">
        <ele>191.6</ele>
        <time>2026-10-08T14:10:29+00:00</time>
      </trkpt>
      <trkpt lat="49.620869" lon="0.746806">
        <ele>191.6</ele>
        <time>2026-10-08T14:10:35+00:00</time>
      </trkpt>
      <trkpt lat="49.620869" lon="0.746806">
        <ele>191.6</ele>
        <time>2026-10-08T14:10:38+00:00</time>
      </trkpt>
      <trkpt lat="49.620869" lon="0.746806">
        <ele>191.6</ele>
        <time>2026-10-08T14:10:44+00:00</time>
      </trkpt>
      <trkpt lat="49.620869" lon="0.746806">
        <ele>191.6</ele>
        <time>2026-10-08T14:10:49+00:00</time>
      </trkpt>
      <trkpt lat="49.620869" lon="0.746806">
        <ele>191.6</ele>
        <time>2026-10-08T14:10:54+00:00</time>
      </trkpt>
      <trkpt lat="49.620869" lon="0.746806">
        <ele>191.6</ele>
        <time>2026-10-08T14:10:59+00:00</time>
      </trkpt>
      <trkpt lat="49.620869" lon="0.746806">
        <ele>191.6</ele>
        <time>2026-10-08T14:11:05+00:00</time>
      </trkpt>
      <trkpt lat="49.620869" lon="0.746806">
        <ele>191.6</ele>
        <time>2026-10-08T14:11:09+00:00</time>
      </trkpt>
      <trkpt lat="49.620869" lon="0.746806">
        <ele>191.6</ele>
        <time>2026-10-08T14:11:15+00:00</time>
      </trkpt>
      <trkpt lat="49.620869" lon="0.746806">
        <ele>191.6</ele>
        <time>2026-10-08T14:11:21+00:00</time>
      </trkpt>
      <trkpt lat="49.620869" lon="0.746806">
        <ele>191.6</ele>
        <time>2026-10-08T14:11:26+00:00</time>
      </trkpt>
      <trkpt lat="49.620869" lon="0.746806">
        <ele>191.6</ele>
        <time>2026-10-08T14:11:31+00:00</time>
      </trkpt>
      <trkpt lat="49.620869" lon="0.746806">
        <ele>191.6</ele>
        <time>2026-10-08T14:11:36+00:00</time>
      </trkpt>
      <trkpt lat="49.620869" lon="0.746806">
        <ele>191.6</ele>
        <time>2026-10-08T14:11:40+00:00</time>
      </trkpt>
      <trkpt lat="49.620869" lon="0.746806">
        <ele>191.6</ele>
        <time>2026-10-08T14:11:46+00:00</time>
      </trkpt>
      <trkpt lat="49.620869" lon="0.746806">
        <ele>191.6</ele>
        <time>2026-10-08T14:11:51+00:00</time>
      </trkpt>
      <trkpt lat="49.620869" lon="0.746806">
        <ele>191.6</ele>
        <time>2026-10-08T14:11:56+00:00</time>
      </trkpt>
      <trkpt lat="49.620869" lon="0.746806">
        <ele>191.6</ele>
        <time>2026-10-08T14:12:00+00:00</time>
      </trkpt>
      <trkpt lat="49.620869" lon="0.746806">
        <ele>191.6</ele>
        <time>2026-10-08T14:12:06+00:00</time>
      </trkpt>
      <trkpt lat="49.620869" lon="0.746806">
        <ele>191.6</ele>
        <time>2026-10-08T14:12:11+00:00</time>
      </trkpt>
      <trkpt lat="49.620869" lon="0.746806">
        <ele>191.6</ele>
        <time>2026-10-08T14:12:16+00:00</time>
      </trkpt>
      <trkpt lat="49.620869" lon="0.746806">
        <ele>191.6</ele>
        <time>2026-10-08T14:12:23+00:00</time>
      </trkpt>
      <trkpt lat="49.620869" lon="0.746806">
        <ele>191.6</ele>
        <time>2026-10-08T14:12:28+00:00</time>
      </trkpt>
      <trkpt lat="49.620869" lon="0.746806">
        <ele>191.6</ele>
        <time>2026-10-08T14:12:33+00:00</time>
      </trkpt>
      <trkpt lat="49.620869" lon="0.746806">
        <ele>191.6</ele>
        <time>2026-10-08T14:12:38+00:00</time>
      </trkpt>
      <trkpt lat="49.620869" lon="0.746806">
        <ele>191.6</ele>
        <time>2026-10-08T14:12:43+00:00</time>
      </trkpt>
      <trkpt lat="49.620869" lon="0.746806">
        <ele>191.6</ele>
        <time>2026-10-08T14:12:48+00:00</time>
      </trkpt>
      <trkpt lat="49.620869" lon="0.746806">
        <ele>191.6</ele>
        <time>2026-10-08T14:12:53+00:00</time>
      </trkpt>
      <trkpt lat="49.620869" lon="0.746806">
        <ele>191.6</ele>
        <time>2026-10-08T14:12:58+00:00</time>
      </trkpt>
      <trkpt lat="49.620869" lon="0.746806">
        <ele>191.6</ele>
        <time>2026-10-08T14:13:02+00:00</time>
      </trkpt>
      <trkpt lat="49.620869" lon="0.746806">
        <ele>191.6</ele>
        <time>2026-10-08T14:13:08+00:00</time>
      </trkpt>
      <trkpt lat="49.620869" lon="0.746806">
        <ele>191.6</ele>
        <time>2026-10-08T14:13:13+00:00</time>
      </trkpt>
      <trkpt lat="49.620869" lon="0.746806">
        <ele>191.6</ele>
        <time>2026-10-08T14:13:18+00:00</time>
      </trkpt>
      <trkpt lat="49.620869" lon="0.746806">
        <ele>191.6</ele>
        <time>2026-10-08T14:13:25+00:00</time>
      </trkpt>
      <trkpt lat="49.620869" lon="0.746806">
        <ele>191.6</ele>
        <time>2026-10-08T14:13:29+00:00</time>
      </trkpt>
      <trkpt lat="49.620869" lon="0.746806">
        <ele>191.6</ele>
        <time>2026-10-08T14:13:34+00:00</time>
      </trkpt>
      <trkpt lat="49.620869" lon="0.746806">
        <ele>191.6</ele>
        <time>2026-10-08T14:13:39+00:00</time>
      </trkpt>
      <trkpt lat="49.620869" lon="0.746806">
        <ele>191.6</ele>
        <time>2026-10-08T14:13:45+00:00</time>
      </trkpt>
      <trkpt lat="49.620869" lon="0.746806">
        <ele>191.6</ele>
        <time>2026-10-08T14:13:49+00:00</time>
      </trkpt>
      <trkpt lat="49.620869" lon="0.746806">
        <ele>191.6</ele>
        <time>2026-10-08T14:13:55+00:00</time>
      </trkpt>
      <trkpt lat="49.620869" lon="0.746806">
        <ele>191.6</ele>
        <time>2026-10-08T14:14:00+00:00</time>
      </trkpt>
      <trkpt lat="49.620869" lon="0.746806">
        <ele>191.6</ele>
        <time>2026-10-08T14:14:04+00:00</time>
      </trkpt>
      <trkpt lat="49.620869" lon="0.746806">
        <ele>191.6</ele>
        <time>2026-10-08T14:14:09+00:00</time>
      </trkpt>
      <trkpt lat="49.620869" lon="0.746806">
        <ele>191.6</ele>
        <time>2026-10-08T14:14:15+00:00</time>
      </trkpt>
      <trkpt lat="49.620869" lon="0.746806">
        <ele>191.6</ele>
        <time>2026-10-08T14:14:19+00:00</time>
      </trkpt>
      <trkpt lat="49.620869" lon="0.746806">
        <ele>191.6</ele>
        <time>2026-10-08T14:14:27+00:00</time>
      </trkpt>
      <trkpt lat="49.620869" lon="0.746806">
        <ele>191.6</ele>
        <time>2026-10-08T14:14:31+00:00</time>
      </trkpt>
      <trkpt lat="49.620869" lon="0.746806">
        <ele>191.6</ele>
        <time>2026-10-08T14:14:36+00:00</time>
      </trkpt>
      <trkpt lat="49.620869" lon="0.746806">
        <ele>191.6</ele>
        <time>2026-10-08T14:14:41+00:00</time>
      </trkpt>
      <trkpt lat="49.620869" lon="0.746806">
        <ele>191.6</ele>
        <time>2026-10-08T14:14:46+00:00</time>
      </trkpt>
      <trkpt lat="49.620869" lon="0.746806">
        <ele>191.6</ele>
        <time>2026-10-08T14:14:50+00:00</time>
      </trkpt>
      <trkpt lat="49.620869" lon="0.746806">
        <ele>191.6</ele>
        <time>2026-10-08T14:14:56+00:00</time>
      </trkpt>
      <trkpt lat="49.620869" lon="0.746806">
        <ele>191.6</ele>
        <time>2026-10-08T14:15:01+00:00</time>
      </trkpt>
      <trkpt lat="49.620869" lon="0.746806">
        <ele>191.6</ele>
        <time>2026-10-08T14:15:06+00:00</time>
      </trkpt>
      <trkpt lat="49.620869" lon="0.746806">
        <ele>191.6</ele>
        <time>2026-10-08T14:15:11+00:00</time>
      </trkpt>
      <trkpt lat="49.620869" lon="0.746806">
        <ele>191.6</ele>
        <time>2026-10-08T14:15:16+00:00</time>
      </trkpt>
      <trkpt lat="49.620869" lon="0.746806">
        <ele>191.6</ele>
        <time>2026-10-08T14:15:21+00:00</time>
      </trkpt>
      <trkpt lat="49.620869" lon="0.746806">
        <ele>191.6</ele>
        <time>2026-10-08T14:15:29+00:00</time>
      </trkpt>
      <trkpt lat="49.620869" lon="0.746806">
        <ele>191.6</ele>
        <time>2026-10-08T14:15:33+00:00</time>
      </trkpt>
      <trkpt lat="49.620869" lon="0.746806">
        <ele>191.6</ele>
        <time>2026-10-08T14:15:37+00:00</time>
      </trkpt>
      <trkpt lat="49.620869" lon="0.746806">
        <ele>191.6</ele>
        <time>2026-10-08T14:15:44+00:00</time>
      </trkpt>
      <trkpt lat="49.620869" lon="0.746806">
        <ele>191.6</ele>
        <time>2026-10-08T14:15:48+00:00</time>
      </trkpt>
      <trkpt lat="49.620869" lon="0.746806">
        <ele>191.6</ele>
        <time>2026-10-08T14:15:53+00:00</time>
      </trkpt>
      <trkpt lat="49.620869" lon="0.746806">
        <ele>191.6</ele>
        <time>2026-10-08T14:15:58+00:00</time>
      </trkpt>
      <trkpt lat="49.620869" lon="0.746806">
        <ele>191.6</ele>
        <time>2026-10-08T14:16:03+00:00</time>
      </trkpt>
      <trkpt lat="49.620869" lon="0.746806">
        <ele>191.6</ele>
        <time>2026-10-08T14:16:08+00:00</time>
      </trkpt>
      <trkpt lat="49.620869" lon="0.746806">
        <ele>191.6</ele>
        <time>2026-10-08T14:16:14+00:00</time>
      </trkpt>
      <trkpt lat="49.620869" lon="0.746806">
        <ele>191.6</ele>
        <time>2026-10-08T14:16:18+00:00</time>
      </trkpt>
      <trkpt lat="49.620869" lon="0.746806">
        <ele>191.6</ele>
        <time>2026-10-08T14:16:23+00:00</time>
      </trkpt>
      <trkpt lat="49.620869" lon="0.746806">
        <ele>191.6</ele>
        <time>2026-10-08T14:16:30+00:00</time>
      </trkpt>
      <trkpt lat="49.620869" lon="0.746806">
        <ele>191.6</ele>
        <time>2026-10-08T14:16:35+00:00</time>
      </trkpt>
      <trkpt lat="49.620869" lon="0.746806">
        <ele>191.6</ele>
        <time>2026-10-08T14:16:39+00:00</time>
      </trkpt>
      <trkpt lat="49.620869" lon="0.746806">
        <ele>191.6</ele>
        <time>2026-10-08T14:16:45+00:00</time>
      </trkpt>
      <trkpt lat="49.620869" lon="0.746806">
        <ele>191.6</ele>
        <time>2026-10-08T14:16:50+00:00</time>
      </trkpt>
      <trkpt lat="49.620869" lon="0.746806">
        <ele>191.6</ele>
        <time>2026-10-08T14:16:55+00:00</time>
      </trkpt>
      <trkpt lat="49.620869" lon="0.746806">
        <ele>191.6</ele>
        <time>2026-10-08T14:16:59+00:00</time>
      </trkpt>
      <trkpt lat="49.620869" lon="0.746806">
        <ele>191.6</ele>
        <time>2026-10-08T14:17:05+00:00</time>
      </trkpt>
      <trkpt lat="49.620869" lon="0.746806">
        <ele>191.6</ele>
        <time>2026-10-08T14:17:10+00:00</time>
      </trkpt>
      <trkpt lat="49.620869" lon="0.746806">
        <ele>191.6</ele>
        <time>2026-10-08T14:17:15+00:00</time>
      </trkpt>
      <trkpt lat="49.620869" lon="0.746806">
        <ele>191.6</ele>
        <time>2026-10-08T14:17:19+00:00</time>
      </trkpt>
      <trkpt lat="49.620869" lon="0.746806">
        <ele>191.6</ele>
        <time>2026-10-08T14:17:25+00:00</time>
      </trkpt>
      <trkpt lat="49.620869" lon="0.746806">
        <ele>191.6</ele>
        <time>2026-10-08T14:17:32+00:00</time>
      </trkpt>
      <trkpt lat="49.620869" lon="0.746806">
        <ele>191.6</ele>
        <time>2026-10-08T14:17:37+00:00</time>
      </trkpt>
      <trkpt lat="49.620869" lon="0.746806">
        <ele>191.6</ele>
        <time>2026-10-08T14:17:42+00:00</time>
      </trkpt>
      <trkpt lat="49.620869" lon="0.746806">
        <ele>191.6</ele>
        <time>2026-10-08T14:17:46+00:00</time>
      </trkpt>
      <trkpt lat="49.620869" lon="0.746806">
        <ele>191.6</ele>
        <time>2026-10-08T14:17:51+00:00</time>
      </trkpt>
      <trkpt lat="49.620869" lon="0.746806">
        <ele>191.6</ele>
        <time>2026-10-08T14:17:56+00:00</time>
      </trkpt>
      <trkpt lat="49.620869" lon="0.746806">
        <ele>191.6</ele>
        <time>2026-10-08T14:18:00+00:00</time>
      </trkpt>
      <trkpt lat="49.620869" lon="0.746806">
        <ele>191.6</ele>
        <time>2026-10-08T14:18:07+00:00</time>
      </trkpt>
      <trkpt lat="49.620869" lon="0.746806">
        <ele>191.6</ele>
        <time>2026-10-08T14:18:11+00:00</time>
      </trkpt>
      <trkpt lat="49.620869" lon="0.746806">
        <ele>191.6</ele>
        <time>2026-10-08T14:18:17+00:00</time>
      </trkpt>
      <trkpt lat="49.620869" lon="0.746806">
        <ele>191.6</ele>
        <time>2026-10-08T14:18:22+00:00</time>
      </trkpt>
      <trkpt lat="49.620869" lon="0.746806">
        <ele>191.6</ele>
        <time>2026-10-08T14:18:26+00:00</time>
      </trkpt>
      <trkpt lat="49.620869" lon="0.746806">
        <ele>191.6</ele>
        <time>2026-10-08T14:18:34+00:00</time>
      </trkpt>
      <trkpt lat="49.620869" lon="0.746806">
        <ele>191.6</ele>
        <time>2026-10-08T14:18:39+00:00</time>
      </trkpt>
      <trkpt lat="49.620869" lon="0.746806">
        <ele>191.6</ele>
        <time>2026-10-08T14:18:43+00:00</time>
      </trkpt>
      <trkpt lat="49.620869" lon="0.746806">
        <ele>191.6</ele>
        <time>2026-10-08T14:18:47+00:00</time>
      </trkpt>
      <trkpt lat="49.620869" lon="0.746806">
        <ele>191.6</ele>
        <time>2026-10-08T14:18:54+00:00</time>
      </trkpt>
      <trkpt lat="49.620869" lon="0.746806">
        <ele>191.6</ele>
        <time>2026-10-08T14:18:58+00:00</time>
      </trkpt>
      <trkpt lat="49.620869" lon="0.746806">
        <ele>191.6</ele>
        <time>2026-10-08T14:19:03+00:00</time>
      </trkpt>
      <trkpt lat="49.620869" lon="0.746806">
        <ele>191.6</ele>
        <time>2026-10-08T14:19:09+00:00</time>
      </trkpt>
      <trkpt lat="49.620869" lon="0.746806">
        <ele>191.6</ele>
        <time>2026-10-08T14:19:13+00:00</time>
      </trkpt>
      <trkpt lat="49.620869" lon="0.746806">
        <ele>191.6</ele>
        <time>2026-10-08T14:19:18+00:00</time>
      </trkpt>
      <trkpt lat="49.620869" lon="0.746806">
        <ele>191.6</ele>
        <time>2026-10-08T14:19:24+00:00</time>
      </trkpt>
      <trkpt lat="49.620892" lon="0.746791">
        <ele>197.9</ele>
        <time>2026-10-08T14:19:28+00:00</time>
      </trkpt>
      <trkpt lat="49.620892" lon="0.746791">
        <ele>197.9</ele>
        <time>2026-10-08T14:19:36+00:00</time>
      </trkpt>
      <trkpt lat="49.620892" lon="0.746791">
        <ele>197.9</ele>
        <time>2026-10-08T14:19:40+00:00</time>
      </trkpt>
      <trkpt lat="49.620892" lon="0.746791">
        <ele>197.9</ele>
        <time>2026-10-08T14:19:45+00:00</time>
      </trkpt>
      <trkpt lat="49.620892" lon="0.746791">
        <ele>197.9</ele>
        <time>2026-10-08T14:19:50+00:00</time>
      </trkpt>
      <trkpt lat="49.620892" lon="0.746791">
        <ele>197.9</ele>
        <time>2026-10-08T14:19:55+00:00</time>
      </trkpt>
      <trkpt lat="49.620892" lon="0.746791">
        <ele>197.9</ele>
        <time>2026-10-08T14:20:00+00:00</time>
      </trkpt>
      <trkpt lat="49.620888" lon="0.746778">
        <ele>195.4</ele>
        <time>2026-10-08T14:20:06+00:00</time>
      </trkpt>
      <trkpt lat="49.620888" lon="0.746778">
        <ele>195.4</ele>
        <time>2026-10-08T14:20:11+00:00</time>
      </trkpt>
      <trkpt lat="49.620888" lon="0.746778">
        <ele>195.4</ele>
        <time>2026-10-08T14:20:15+00:00</time>
      </trkpt>
      <trkpt lat="49.620888" lon="0.746778">
        <ele>195.4</ele>
        <time>2026-10-08T14:20:20+00:00</time>
      </trkpt>
      <trkpt lat="49.620888" lon="0.746778">
        <ele>195.4</ele>
        <time>2026-10-08T14:20:25+00:00</time>
      </trkpt>
      <trkpt lat="49.620888" lon="0.746778">
        <ele>195.4</ele>
        <time>2026-10-08T14:20:30+00:00</time>
      </trkpt>
      <trkpt lat="49.620888" lon="0.746778">
        <ele>195.4</ele>
        <time>2026-10-08T14:20:37+00:00</time>
      </trkpt>
      <trkpt lat="49.620888" lon="0.746778">
        <ele>195.4</ele>
        <time>2026-10-08T14:20:41+00:00</time>
      </trkpt>
      <trkpt lat="49.620888" lon="0.746778">
        <ele>195.4</ele>
        <time>2026-10-08T14:20:47+00:00</time>
      </trkpt>
      <trkpt lat="49.620888" lon="0.746778">
        <ele>195.4</ele>
        <time>2026-10-08T14:20:52+00:00</time>
      </trkpt>
      <trkpt lat="49.620888" lon="0.746778">
        <ele>195.4</ele>
        <time>2026-10-08T14:20:55+00:00</time>
      </trkpt>
      <trkpt lat="49.620888" lon="0.746778">
        <ele>195.4</ele>
        <time>2026-10-08T14:21:02+00:00</time>
      </trkpt>
      <trkpt lat="49.620888" lon="0.746778">
        <ele>195.4</ele>
        <time>2026-10-08T14:21:07+00:00</time>
      </trkpt>
      <trkpt lat="49.620888" lon="0.746778">
        <ele>195.4</ele>
        <time>2026-10-08T14:21:11+00:00</time>
      </trkpt>
      <trkpt lat="49.620888" lon="0.746778">
        <ele>195.4</ele>
        <time>2026-10-08T14:21:17+00:00</time>
      </trkpt>
      <trkpt lat="49.620888" lon="0.746778">
        <ele>195.4</ele>
        <time>2026-10-08T14:21:22+00:00</time>
      </trkpt>
      <trkpt lat="49.620888" lon="0.746778">
        <ele>195.4</ele>
        <time>2026-10-08T14:21:27+00:00</time>
      </trkpt>
      <trkpt lat="49.620888" lon="0.746778">
        <ele>195.4</ele>
        <time>2026-10-08T14:21:32+00:00</time>
      </trkpt>
      <trkpt lat="49.620888" lon="0.746778">
        <ele>195.4</ele>
        <time>2026-10-08T14:21:39+00:00</time>
      </trkpt>
      <trkpt lat="49.620888" lon="0.746778">
        <ele>195.4</ele>
        <time>2026-10-08T14:21:42+00:00</time>
      </trkpt>
      <trkpt lat="49.62088" lon="0.746816">
        <ele>190.5</ele>
        <time>2026-10-08T14:21:48+00:00</time>
      </trkpt>
      <trkpt lat="49.62088" lon="0.746816">
        <ele>190.5</ele>
        <time>2026-10-08T14:21:53+00:00</time>
      </trkpt>
      <trkpt lat="49.62088" lon="0.746816">
        <ele>190.5</ele>
        <time>2026-10-08T14:21:58+00:00</time>
      </trkpt>
      <trkpt lat="49.62088" lon="0.746816">
        <ele>190.5</ele>
        <time>2026-10-08T14:22:02+00:00</time>
      </trkpt>
      <trkpt lat="49.62088" lon="0.746816">
        <ele>190.5</ele>
        <time>2026-10-08T14:22:08+00:00</time>
      </trkpt>
      <trkpt lat="49.62088" lon="0.746816">
        <ele>190.5</ele>
        <time>2026-10-08T14:22:13+00:00</time>
      </trkpt>
      <trkpt lat="49.62088" lon="0.746816">
        <ele>190.5</ele>
        <time>2026-10-08T14:22:19+00:00</time>
      </trkpt>
      <trkpt lat="49.62088" lon="0.746816">
        <ele>190.5</ele>
        <time>2026-10-08T14:22:23+00:00</time>
      </trkpt>
      <trkpt lat="49.62088" lon="0.746816">
        <ele>190.5</ele>
        <time>2026-10-08T14:22:28+00:00</time>
      </trkpt>
      <trkpt lat="49.62088" lon="0.746816">
        <ele>190.5</ele>
        <time>2026-10-08T14:22:33+00:00</time>
      </trkpt>
      <trkpt lat="49.62088" lon="0.746816">
        <ele>190.5</ele>
        <time>2026-10-08T14:22:40+00:00</time>
      </trkpt>
      <trkpt lat="49.62088" lon="0.746816">
        <ele>190.5</ele>
        <time>2026-10-08T14:22:45+00:00</time>
      </trkpt>
      <trkpt lat="49.62088" lon="0.746816">
        <ele>190.5</ele>
        <time>2026-10-08T14:22:50+00:00</time>
      </trkpt>
      <trkpt lat="49.62088" lon="0.746816">
        <ele>190.5</ele>
        <time>2026-10-08T14:22:55+00:00</time>
      </trkpt>
      <trkpt lat="49.62088" lon="0.746816">
        <ele>190.5</ele>
        <time>2026-10-08T14:23:00+00:00</time>
      </trkpt>
      <trkpt lat="49.62088" lon="0.746816">
        <ele>190.5</ele>
        <time>2026-10-08T14:23:05+00:00</time>
      </trkpt>
      <trkpt lat="49.62088" lon="0.746816">
        <ele>190.5</ele>
        <time>2026-10-08T14:23:10+00:00</time>
      </trkpt>
      <trkpt lat="49.62088" lon="0.746816">
        <ele>190.5</ele>
        <time>2026-10-08T14:23:15+00:00</time>
      </trkpt>
      <trkpt lat="49.62088" lon="0.746816">
        <ele>190.5</ele>
        <time>2026-10-08T14:23:20+00:00</time>
      </trkpt>
      <trkpt lat="49.62088" lon="0.746816">
        <ele>190.5</ele>
        <time>2026-10-08T14:23:24+00:00</time>
      </trkpt>
      <trkpt lat="49.62088" lon="0.746816">
        <ele>190.5</ele>
        <time>2026-10-08T14:23:30+00:00</time>
      </trkpt>
      <trkpt lat="49.62088" lon="0.746816">
        <ele>190.5</ele>
        <time>2026-10-08T14:23:35+00:00</time>
      </trkpt>
      <trkpt lat="49.62088" lon="0.746816">
        <ele>190.5</ele>
        <time>2026-10-08T14:23:42+00:00</time>
      </trkpt>
      <trkpt lat="49.62088" lon="0.746816">
        <ele>190.5</ele>
        <time>2026-10-08T14:23:47+00:00</time>
      </trkpt>
      <trkpt lat="49.62088" lon="0.746816">
        <ele>190.5</ele>
        <time>2026-10-08T14:23:51+00:00</time>
      </trkpt>
      <trkpt lat="49.62088" lon="0.746816">
        <ele>190.5</ele>
        <time>2026-10-08T14:23:57+00:00</time>
      </trkpt>
      <trkpt lat="49.62088" lon="0.746816">
        <ele>190.5</ele>
        <time>2026-10-08T14:24:02+00:00</time>
      </trkpt>
      <trkpt lat="49.62088" lon="0.746816">
        <ele>190.5</ele>
        <time>2026-10-08T14:24:06+00:00</time>
      </trkpt>
      <trkpt lat="49.62088" lon="0.746816">
        <ele>190.5</ele>
        <time>2026-10-08T14:24:11+00:00</time>
      </trkpt>
      <trkpt lat="49.62088" lon="0.746816">
        <ele>190.5</ele>
        <time>2026-10-08T14:24:17+00:00</time>
      </trkpt>
      <trkpt lat="49.62088" lon="0.746816">
        <ele>190.5</ele>
        <time>2026-10-08T14:24:22+00:00</time>
      </trkpt>
      <trkpt lat="49.62088" lon="0.746816">
        <ele>190.5</ele>
        <time>2026-10-08T14:24:26+00:00</time>
      </trkpt>
      <trkpt lat="49.62088" lon="0.746816">
        <ele>190.5</ele>
        <time>2026-10-08T14:24:31+00:00</time>
      </trkpt>
      <trkpt lat="49.62088" lon="0.746816">
        <ele>190.5</ele>
        <time>2026-10-08T14:24:37+00:00</time>
      </trkpt>
      <trkpt lat="49.62088" lon="0.746816">
        <ele>190.5</ele>
        <time>2026-10-08T14:24:44+00:00</time>
      </trkpt>
      <trkpt lat="49.62088" lon="0.746816">
        <ele>190.5</ele>
        <time>2026-10-08T14:24:48+00:00</time>
      </trkpt>
      <trkpt lat="49.62088" lon="0.746816">
        <ele>190.5</ele>
        <time>2026-10-08T14:24:53+00:00</time>
      </trkpt>
      <trkpt lat="49.62088" lon="0.746816">
        <ele>190.5</ele>
        <time>2026-10-08T14:24:58+00:00</time>
      </trkpt>
      <trkpt lat="49.62088" lon="0.746816">
        <ele>190.5</ele>
        <time>2026-10-08T14:25:03+00:00</time>
      </trkpt>
      <trkpt lat="49.62088" lon="0.746816">
        <ele>190.5</ele>
        <time>2026-10-08T14:25:08+00:00</time>
      </trkpt>
      <trkpt lat="49.62088" lon="0.746816">
        <ele>190.5</ele>
        <time>2026-10-08T14:25:13+00:00</time>
      </trkpt>
      <trkpt lat="49.62088" lon="0.746816">
        <ele>190.5</ele>
        <time>2026-10-08T14:25:18+00:00</time>
      </trkpt>
      <trkpt lat="49.62088" lon="0.746816">
        <ele>190.5</ele>
        <time>2026-10-08T14:25:23+00:00</time>
      </trkpt>
      <trkpt lat="49.62088" lon="0.746784">
        <ele>188.3</ele>
        <time>2026-10-08T14:25:29+00:00</time>
      </trkpt>
      <trkpt lat="49.62088" lon="0.746784">
        <ele>188.3</ele>
        <time>2026-10-08T14:25:34+00:00</time>
      </trkpt>
      <trkpt lat="49.62088" lon="0.746784">
        <ele>188.3</ele>
        <time>2026-10-08T14:25:38+00:00</time>
      </trkpt>
      <trkpt lat="49.62088" lon="0.746784">
        <ele>188.3</ele>
        <time>2026-10-08T14:25:45+00:00</time>
      </trkpt>
      <trkpt lat="49.62088" lon="0.746784">
        <ele>188.3</ele>
        <time>2026-10-08T14:25:50+00:00</time>
      </trkpt>
      <trkpt lat="49.62088" lon="0.746784">
        <ele>188.3</ele>
        <time>2026-10-08T14:25:55+00:00</time>
      </trkpt>
      <trkpt lat="49.620892" lon="0.746782">
        <ele>188.5</ele>
        <time>2026-10-08T14:26:01+00:00</time>
      </trkpt>
      <trkpt lat="49.620892" lon="0.746782">
        <ele>188.5</ele>
        <time>2026-10-08T14:26:06+00:00</time>
      </trkpt>
      <trkpt lat="49.620892" lon="0.746782">
        <ele>188.5</ele>
        <time>2026-10-08T14:26:10+00:00</time>
      </trkpt>
      <trkpt lat="49.620892" lon="0.746782">
        <ele>188.5</ele>
        <time>2026-10-08T14:26:15+00:00</time>
      </trkpt>
      <trkpt lat="49.620892" lon="0.746782">
        <ele>188.5</ele>
        <time>2026-10-08T14:26:20+00:00</time>
      </trkpt>
      <trkpt lat="49.620892" lon="0.746782">
        <ele>188.5</ele>
        <time>2026-10-08T14:26:25+00:00</time>
      </trkpt>
      <trkpt lat="49.620892" lon="0.746782">
        <ele>188.5</ele>
        <time>2026-10-08T14:26:30+00:00</time>
      </trkpt>
      <trkpt lat="49.620892" lon="0.746782">
        <ele>188.5</ele>
        <time>2026-10-08T14:26:36+00:00</time>
      </trkpt>
      <trkpt lat="49.620892" lon="0.746782">
        <ele>188.5</ele>
        <time>2026-10-08T14:26:41+00:00</time>
      </trkpt>
      <trkpt lat="49.620892" lon="0.74677">
        <ele>192.1</ele>
        <time>2026-10-08T14:26:48+00:00</time>
      </trkpt>
      <trkpt lat="49.620892" lon="0.74677">
        <ele>192.1</ele>
        <time>2026-10-08T14:26:52+00:00</time>
      </trkpt>
      <trkpt lat="49.620892" lon="0.74677">
        <ele>192.1</ele>
        <time>2026-10-08T14:26:57+00:00</time>
      </trkpt>
      <trkpt lat="49.620892" lon="0.74677">
        <ele>192.1</ele>
        <time>2026-10-08T14:27:02+00:00</time>
      </trkpt>
      <trkpt lat="49.620892" lon="0.74677">
        <ele>192.1</ele>
        <time>2026-10-08T14:27:06+00:00</time>
      </trkpt>
      <trkpt lat="49.620892" lon="0.74677">
        <ele>192.1</ele>
        <time>2026-10-08T14:27:12+00:00</time>
      </trkpt>
      <trkpt lat="49.620892" lon="0.746783">
        <ele>193</ele>
        <time>2026-10-08T14:27:17+00:00</time>
      </trkpt>
      <trkpt lat="49.620892" lon="0.746783">
        <ele>193</ele>
        <time>2026-10-08T14:27:23+00:00</time>
      </trkpt>
      <trkpt lat="49.620892" lon="0.746779">
        <ele>194.1</ele>
        <time>2026-10-08T14:27:27+00:00</time>
      </trkpt>
      <trkpt lat="49.620888" lon="0.746768">
        <ele>193.3</ele>
        <time>2026-10-08T14:27:32+00:00</time>
      </trkpt>
      <trkpt lat="49.620888" lon="0.746768">
        <ele>193.3</ele>
        <time>2026-10-08T14:27:37+00:00</time>
      </trkpt>
      <trkpt lat="49.620888" lon="0.746768">
        <ele>193.3</ele>
        <time>2026-10-08T14:27:42+00:00</time>
      </trkpt>
      <trkpt lat="49.620888" lon="0.746768">
        <ele>193.3</ele>
        <time>2026-10-08T14:27:49+00:00</time>
      </trkpt>
      <trkpt lat="49.620888" lon="0.746768">
        <ele>193.3</ele>
        <time>2026-10-08T14:27:54+00:00</time>
      </trkpt>
      <trkpt lat="49.620888" lon="0.746768">
        <ele>193.3</ele>
        <time>2026-10-08T14:27:59+00:00</time>
      </trkpt>
      <trkpt lat="49.620888" lon="0.746768">
        <ele>193.3</ele>
        <time>2026-10-08T14:28:04+00:00</time>
      </trkpt>
      <trkpt lat="49.620888" lon="0.746768">
        <ele>193.3</ele>
        <time>2026-10-08T14:28:09+00:00</time>
      </trkpt>
      <trkpt lat="49.620861" lon="0.746804">
        <ele>192.8</ele>
        <time>2026-10-08T14:28:14+00:00</time>
      </trkpt>
      <trkpt lat="49.62088" lon="0.746791">
        <ele>191.7</ele>
        <time>2026-10-08T14:28:19+00:00</time>
      </trkpt>
      <trkpt lat="49.620888" lon="0.746763">
        <ele>191.5</ele>
        <time>2026-10-08T14:28:24+00:00</time>
      </trkpt>
      <trkpt lat="49.620888" lon="0.746763">
        <ele>191.5</ele>
        <time>2026-10-08T14:28:29+00:00</time>
      </trkpt>
      <trkpt lat="49.620888" lon="0.746763">
        <ele>191.5</ele>
        <time>2026-10-08T14:28:34+00:00</time>
      </trkpt>
      <trkpt lat="49.620888" lon="0.746763">
        <ele>191.5</ele>
        <time>2026-10-08T14:28:38+00:00</time>
      </trkpt>
      <trkpt lat="49.620888" lon="0.746763">
        <ele>191.5</ele>
        <time>2026-10-08T14:28:44+00:00</time>
      </trkpt>
      <trkpt lat="49.620888" lon="0.746763">
        <ele>191.5</ele>
        <time>2026-10-08T14:28:51+00:00</time>
      </trkpt>
      <trkpt lat="49.620888" lon="0.746763">
        <ele>191.5</ele>
        <time>2026-10-08T14:28:55+00:00</time>
      </trkpt>
      <trkpt lat="49.620873" lon="0.746814">
        <ele>192.1</ele>
        <time>2026-10-08T14:29:01+00:00</time>
      </trkpt>
      <trkpt lat="49.620873" lon="0.746814">
        <ele>192.1</ele>
        <time>2026-10-08T14:29:05+00:00</time>
      </trkpt>
      <trkpt lat="49.620873" lon="0.746814">
        <ele>192.1</ele>
        <time>2026-10-08T14:29:10+00:00</time>
      </trkpt>
      <trkpt lat="49.620892" lon="0.746787">
        <ele>191.8</ele>
        <time>2026-10-08T14:29:16+00:00</time>
      </trkpt>
      <trkpt lat="49.620892" lon="0.746787">
        <ele>191.8</ele>
        <time>2026-10-08T14:29:21+00:00</time>
      </trkpt>
      <trkpt lat="49.620892" lon="0.746787">
        <ele>191.8</ele>
        <time>2026-10-08T14:29:24+00:00</time>
      </trkpt>
      <trkpt lat="49.620892" lon="0.746787">
        <ele>191.8</ele>
        <time>2026-10-08T14:29:31+00:00</time>
      </trkpt>
      <trkpt lat="49.620892" lon="0.746787">
        <ele>191.8</ele>
        <time>2026-10-08T14:29:35+00:00</time>
      </trkpt>
      <trkpt lat="49.620892" lon="0.746787">
        <ele>191.8</ele>
        <time>2026-10-08T14:29:40+00:00</time>
      </trkpt>
      <trkpt lat="49.620892" lon="0.746787">
        <ele>191.8</ele>
        <time>2026-10-08T14:29:44+00:00</time>
      </trkpt>
      <trkpt lat="49.620892" lon="0.746767">
        <ele>195.3</ele>
        <time>2026-10-08T14:29:53+00:00</time>
      </trkpt>
      <trkpt lat="49.620907" lon="0.746757">
        <ele>194.3</ele>
        <time>2026-10-08T14:29:58+00:00</time>
      </trkpt>
      <trkpt lat="49.620907" lon="0.746757">
        <ele>194.3</ele>
        <time>2026-10-08T14:30:03+00:00</time>
      </trkpt>
      <trkpt lat="49.620926" lon="0.746781">
        <ele>193.4</ele>
        <time>2026-10-08T14:30:08+00:00</time>
      </trkpt>
      <trkpt lat="49.620926" lon="0.746781">
        <ele>193.4</ele>
        <time>2026-10-08T14:30:12+00:00</time>
      </trkpt>
      <trkpt lat="49.620926" lon="0.746781">
        <ele>193.4</ele>
        <time>2026-10-08T14:30:17+00:00</time>
      </trkpt>
      <trkpt lat="49.620926" lon="0.746781">
        <ele>193.4</ele>
        <time>2026-10-08T14:30:22+00:00</time>
      </trkpt>
      <trkpt lat="49.620926" lon="0.746781">
        <ele>193.4</ele>
        <time>2026-10-08T14:30:28+00:00</time>
      </trkpt>
      <trkpt lat="49.620926" lon="0.746781">
        <ele>193.4</ele>
        <time>2026-10-08T14:30:33+00:00</time>
      </trkpt>
      <trkpt lat="49.620907" lon="0.746792">
        <ele>196.8</ele>
        <time>2026-10-08T14:30:37+00:00</time>
      </trkpt>
      <trkpt lat="49.620907" lon="0.746792">
        <ele>196.8</ele>
        <time>2026-10-08T14:30:43+00:00</time>
      </trkpt>
      <trkpt lat="49.620907" lon="0.746792">
        <ele>196.8</ele>
        <time>2026-10-08T14:30:47+00:00</time>
      </trkpt>
      <trkpt lat="49.620888" lon="0.746765">
        <ele>198.6</ele>
        <time>2026-10-08T14:30:55+00:00</time>
      </trkpt>
      <trkpt lat="49.620888" lon="0.746765">
        <ele>198.6</ele>
        <time>2026-10-08T14:31:00+00:00</time>
      </trkpt>
      <trkpt lat="49.620888" lon="0.746765">
        <ele>198.6</ele>
        <time>2026-10-08T14:31:05+00:00</time>
      </trkpt>
      <trkpt lat="49.620888" lon="0.746765">
        <ele>198.6</ele>
        <time>2026-10-08T14:31:10+00:00</time>
      </trkpt>
      <trkpt lat="49.620888" lon="0.746765">
        <ele>198.6</ele>
        <time>2026-10-08T14:31:15+00:00</time>
      </trkpt>
      <trkpt lat="49.620888" lon="0.746781">
        <ele>195.5</ele>
        <time>2026-10-08T14:31:19+00:00</time>
      </trkpt>
      <trkpt lat="49.620888" lon="0.746781">
        <ele>195.5</ele>
        <time>2026-10-08T14:31:25+00:00</time>
      </trkpt>
      <trkpt lat="49.620888" lon="0.746781">
        <ele>195.5</ele>
        <time>2026-10-08T14:31:29+00:00</time>
      </trkpt>
      <trkpt lat="49.620888" lon="0.746781">
        <ele>195.5</ele>
        <time>2026-10-08T14:31:34+00:00</time>
      </trkpt>
      <trkpt lat="49.620907" lon="0.746799">
        <ele>193.7</ele>
        <time>2026-10-08T14:31:40+00:00</time>
      </trkpt>
      <trkpt lat="49.620911" lon="0.74681">
        <ele>193.5</ele>
        <time>2026-10-08T14:31:45+00:00</time>
      </trkpt>
      <trkpt lat="49.620911" lon="0.74681">
        <ele>193.5</ele>
        <time>2026-10-08T14:31:49+00:00</time>
      </trkpt>
      <trkpt lat="49.620911" lon="0.74681">
        <ele>193.5</ele>
        <time>2026-10-08T14:31:56+00:00</time>
      </trkpt>
      <trkpt lat="49.620911" lon="0.74681">
        <ele>193.5</ele>
        <time>2026-10-08T14:32:02+00:00</time>
      </trkpt>
      <trkpt lat="49.620911" lon="0.74681">
        <ele>193.5</ele>
        <time>2026-10-08T14:32:07+00:00</time>
      </trkpt>
      <trkpt lat="49.620911" lon="0.74681">
        <ele>193.5</ele>
        <time>2026-10-08T14:32:12+00:00</time>
      </trkpt>
      <trkpt lat="49.620911" lon="0.74681">
        <ele>193.5</ele>
        <time>2026-10-08T14:32:17+00:00</time>
      </trkpt>
      <trkpt lat="49.620911" lon="0.74681">
        <ele>193.5</ele>
        <time>2026-10-08T14:32:22+00:00</time>
      </trkpt>
      <trkpt lat="49.620911" lon="0.74681">
        <ele>193.5</ele>
        <time>2026-10-08T14:32:26+00:00</time>
      </trkpt>
      <trkpt lat="49.620911" lon="0.746783">
        <ele>195.6</ele>
        <time>2026-10-08T14:32:32+00:00</time>
      </trkpt>
      <trkpt lat="49.62093" lon="0.746809">
        <ele>194.9</ele>
        <time>2026-10-08T14:32:37+00:00</time>
      </trkpt>
      <trkpt lat="49.62093" lon="0.746809">
        <ele>194.9</ele>
        <time>2026-10-08T14:32:41+00:00</time>
      </trkpt>
      <trkpt lat="49.62093" lon="0.746809">
        <ele>194.9</ele>
        <time>2026-10-08T14:32:47+00:00</time>
      </trkpt>
      <trkpt lat="49.62093" lon="0.746809">
        <ele>194.9</ele>
        <time>2026-10-08T14:32:52+00:00</time>
      </trkpt>
      <trkpt lat="49.62093" lon="0.746809">
        <ele>194.9</ele>
        <time>2026-10-08T14:32:59+00:00</time>
      </trkpt>
      <trkpt lat="49.62093" lon="0.746809">
        <ele>194.9</ele>
        <time>2026-10-08T14:33:04+00:00</time>
      </trkpt>
      <trkpt lat="49.62093" lon="0.746809">
        <ele>194.9</ele>
        <time>2026-10-08T14:33:09+00:00</time>
      </trkpt>
      <trkpt lat="49.62093" lon="0.746809">
        <ele>194.9</ele>
        <time>2026-10-08T14:33:13+00:00</time>
      </trkpt>
      <trkpt lat="49.62093" lon="0.746809">
        <ele>194.9</ele>
        <time>2026-10-08T14:33:19+00:00</time>
      </trkpt>
      <trkpt lat="49.62093" lon="0.746809">
        <ele>194.9</ele>
        <time>2026-10-08T14:33:24+00:00</time>
      </trkpt>
      <trkpt lat="49.62093" lon="0.746809">
        <ele>194.9</ele>
        <time>2026-10-08T14:33:29+00:00</time>
      </trkpt>
      <trkpt lat="49.62093" lon="0.746809">
        <ele>194.9</ele>
        <time>2026-10-08T14:33:34+00:00</time>
      </trkpt>
      <trkpt lat="49.62093" lon="0.746809">
        <ele>194.9</ele>
        <time>2026-10-08T14:33:39+00:00</time>
      </trkpt>
      <trkpt lat="49.62093" lon="0.746809">
        <ele>194.9</ele>
        <time>2026-10-08T14:33:44+00:00</time>
      </trkpt>
      <trkpt lat="49.62093" lon="0.746809">
        <ele>194.9</ele>
        <time>2026-10-08T14:33:49+00:00</time>
      </trkpt>
      <trkpt lat="49.62093" lon="0.746809">
        <ele>194.9</ele>
        <time>2026-10-08T14:33:54+00:00</time>
      </trkpt>
      <trkpt lat="49.62093" lon="0.746809">
        <ele>194.9</ele>
        <time>2026-10-08T14:34:01+00:00</time>
      </trkpt>
      <trkpt lat="49.62093" lon="0.746809">
        <ele>194.9</ele>
        <time>2026-10-08T14:34:06+00:00</time>
      </trkpt>
      <trkpt lat="49.62093" lon="0.746809">
        <ele>194.9</ele>
        <time>2026-10-08T14:34:10+00:00</time>
      </trkpt>
      <trkpt lat="49.62093" lon="0.746809">
        <ele>194.9</ele>
        <time>2026-10-08T14:34:16+00:00</time>
      </trkpt>
      <trkpt lat="49.62093" lon="0.746809">
        <ele>194.9</ele>
        <time>2026-10-08T14:34:21+00:00</time>
      </trkpt>
      <trkpt lat="49.62093" lon="0.746809">
        <ele>194.9</ele>
        <time>2026-10-08T14:34:25+00:00</time>
      </trkpt>
      <trkpt lat="49.620911" lon="0.746803">
        <ele>192.2</ele>
        <time>2026-10-08T14:34:31+00:00</time>
      </trkpt>
      <trkpt lat="49.620911" lon="0.746803">
        <ele>192.2</ele>
        <time>2026-10-08T14:34:35+00:00</time>
      </trkpt>
      <trkpt lat="49.620911" lon="0.746803">
        <ele>192.2</ele>
        <time>2026-10-08T14:34:41+00:00</time>
      </trkpt>
      <trkpt lat="49.620911" lon="0.746803">
        <ele>192.2</ele>
        <time>2026-10-08T14:34:45+00:00</time>
      </trkpt>
      <trkpt lat="49.620911" lon="0.746803">
        <ele>192.2</ele>
        <time>2026-10-08T14:34:51+00:00</time>
      </trkpt>
      <trkpt lat="49.620911" lon="0.746803">
        <ele>192.2</ele>
        <time>2026-10-08T14:34:56+00:00</time>
      </trkpt>
      <trkpt lat="49.620911" lon="0.746803">
        <ele>192.2</ele>
        <time>2026-10-08T14:35:03+00:00</time>
      </trkpt>
      <trkpt lat="49.620911" lon="0.746803">
        <ele>192.2</ele>
        <time>2026-10-08T14:35:07+00:00</time>
      </trkpt>
      <trkpt lat="49.620911" lon="0.746803">
        <ele>192.2</ele>
        <time>2026-10-08T14:35:12+00:00</time>
      </trkpt>
      <trkpt lat="49.620899" lon="0.746806">
        <ele>195.2</ele>
        <time>2026-10-08T14:35:18+00:00</time>
      </trkpt>
      <trkpt lat="49.620899" lon="0.746806">
        <ele>195.2</ele>
        <time>2026-10-08T14:35:23+00:00</time>
      </trkpt>
      <trkpt lat="49.620899" lon="0.746806">
        <ele>195.2</ele>
        <time>2026-10-08T14:35:26+00:00</time>
      </trkpt>
      <trkpt lat="49.620899" lon="0.746806">
        <ele>195.2</ele>
        <time>2026-10-08T14:35:32+00:00</time>
      </trkpt>
      <trkpt lat="49.620899" lon="0.746806">
        <ele>195.2</ele>
        <time>2026-10-08T14:35:38+00:00</time>
      </trkpt>
      <trkpt lat="49.620899" lon="0.746806">
        <ele>195.2</ele>
        <time>2026-10-08T14:35:43+00:00</time>
      </trkpt>
      <trkpt lat="49.620899" lon="0.746806">
        <ele>195.2</ele>
        <time>2026-10-08T14:35:48+00:00</time>
      </trkpt>
      <trkpt lat="49.620899" lon="0.746806">
        <ele>195.2</ele>
        <time>2026-10-08T14:35:53+00:00</time>
      </trkpt>
      <trkpt lat="49.620899" lon="0.746806">
        <ele>195.2</ele>
        <time>2026-10-08T14:35:57+00:00</time>
      </trkpt>
      <trkpt lat="49.620911" lon="0.746774">
        <ele>189.1</ele>
        <time>2026-10-08T14:36:04+00:00</time>
      </trkpt>
      <trkpt lat="49.620911" lon="0.746774">
        <ele>189.1</ele>
        <time>2026-10-08T14:36:09+00:00</time>
      </trkpt>
      <trkpt lat="49.620911" lon="0.746774">
        <ele>189.1</ele>
        <time>2026-10-08T14:36:14+00:00</time>
      </trkpt>
      <trkpt lat="49.620911" lon="0.746774">
        <ele>189.1</ele>
        <time>2026-10-08T14:36:19+00:00</time>
      </trkpt>
      <trkpt lat="49.620911" lon="0.746774">
        <ele>189.1</ele>
        <time>2026-10-08T14:36:23+00:00</time>
      </trkpt>
      <trkpt lat="49.620911" lon="0.746774">
        <ele>189.1</ele>
        <time>2026-10-08T14:36:29+00:00</time>
      </trkpt>
      <trkpt lat="49.620911" lon="0.746774">
        <ele>189.1</ele>
        <time>2026-10-08T14:36:34+00:00</time>
      </trkpt>
      <trkpt lat="49.620911" lon="0.746774">
        <ele>189.1</ele>
        <time>2026-10-08T14:36:40+00:00</time>
      </trkpt>
      <trkpt lat="49.620911" lon="0.746774">
        <ele>189.1</ele>
        <time>2026-10-08T14:36:45+00:00</time>
      </trkpt>
      <trkpt lat="49.620892" lon="0.746828">
        <ele>189.8</ele>
        <time>2026-10-08T14:36:49+00:00</time>
      </trkpt>
      <trkpt lat="49.620892" lon="0.746828">
        <ele>189.8</ele>
        <time>2026-10-08T14:36:54+00:00</time>
      </trkpt>
      <trkpt lat="49.620892" lon="0.746828">
        <ele>189.8</ele>
        <time>2026-10-08T14:37:00+00:00</time>
      </trkpt>
      <trkpt lat="49.620892" lon="0.746828">
        <ele>189.8</ele>
        <time>2026-10-08T14:37:07+00:00</time>
      </trkpt>
      <trkpt lat="49.620892" lon="0.746828">
        <ele>189.8</ele>
        <time>2026-10-08T14:37:11+00:00</time>
      </trkpt>
      <trkpt lat="49.620892" lon="0.746828">
        <ele>189.8</ele>
        <time>2026-10-08T14:37:15+00:00</time>
      </trkpt>
      <trkpt lat="49.620892" lon="0.746828">
        <ele>189.8</ele>
        <time>2026-10-08T14:37:21+00:00</time>
      </trkpt>
      <trkpt lat="49.620892" lon="0.746828">
        <ele>189.8</ele>
        <time>2026-10-08T14:37:26+00:00</time>
      </trkpt>
      <trkpt lat="49.620892" lon="0.746828">
        <ele>189.8</ele>
        <time>2026-10-08T14:37:31+00:00</time>
      </trkpt>
      <trkpt lat="49.620892" lon="0.746828">
        <ele>189.8</ele>
        <time>2026-10-08T14:37:36+00:00</time>
      </trkpt>
      <trkpt lat="49.620892" lon="0.746828">
        <ele>189.8</ele>
        <time>2026-10-08T14:37:41+00:00</time>
      </trkpt>
      <trkpt lat="49.620892" lon="0.746828">
        <ele>189.8</ele>
        <time>2026-10-08T14:37:46+00:00</time>
      </trkpt>
      <trkpt lat="49.620892" lon="0.746828">
        <ele>189.8</ele>
        <time>2026-10-08T14:37:51+00:00</time>
      </trkpt>
      <trkpt lat="49.620892" lon="0.746828">
        <ele>189.8</ele>
        <time>2026-10-08T14:37:56+00:00</time>
      </trkpt>
      <trkpt lat="49.620892" lon="0.746828">
        <ele>189.8</ele>
        <time>2026-10-08T14:38:00+00:00</time>
      </trkpt>
      <trkpt lat="49.620892" lon="0.746828">
        <ele>189.8</ele>
        <time>2026-10-08T14:38:08+00:00</time>
      </trkpt>
      <trkpt lat="49.620892" lon="0.746828">
        <ele>189.8</ele>
        <time>2026-10-08T14:38:12+00:00</time>
      </trkpt>
      <trkpt lat="49.620892" lon="0.746828">
        <ele>189.8</ele>
        <time>2026-10-08T14:38:17+00:00</time>
      </trkpt>
      <trkpt lat="49.620892" lon="0.746828">
        <ele>189.8</ele>
        <time>2026-10-08T14:38:23+00:00</time>
      </trkpt>
      <trkpt lat="49.620892" lon="0.746828">
        <ele>189.8</ele>
        <time>2026-10-08T14:38:28+00:00</time>
      </trkpt>
      <trkpt lat="49.620892" lon="0.746828">
        <ele>189.8</ele>
        <time>2026-10-08T14:38:32+00:00</time>
      </trkpt>
      <trkpt lat="49.620892" lon="0.746828">
        <ele>189.8</ele>
        <time>2026-10-08T14:38:38+00:00</time>
      </trkpt>
      <trkpt lat="49.620892" lon="0.746828">
        <ele>189.8</ele>
        <time>2026-10-08T14:38:42+00:00</time>
      </trkpt>
      <trkpt lat="49.620892" lon="0.746828">
        <ele>189.8</ele>
        <time>2026-10-08T14:38:47+00:00</time>
      </trkpt>
      <trkpt lat="49.620892" lon="0.746828">
        <ele>189.8</ele>
        <time>2026-10-08T14:38:53+00:00</time>
      </trkpt>
      <trkpt lat="49.620892" lon="0.746828">
        <ele>189.8</ele>
        <time>2026-10-08T14:38:57+00:00</time>
      </trkpt>
      <trkpt lat="49.620892" lon="0.746828">
        <ele>189.8</ele>
        <time>2026-10-08T14:39:03+00:00</time>
      </trkpt>
      <trkpt lat="49.620892" lon="0.746828">
        <ele>189.8</ele>
        <time>2026-10-08T14:39:10+00:00</time>
      </trkpt>
      <trkpt lat="49.620892" lon="0.746828">
        <ele>189.8</ele>
        <time>2026-10-08T14:39:14+00:00</time>
      </trkpt>
      <trkpt lat="49.620892" lon="0.746828">
        <ele>189.8</ele>
        <time>2026-10-08T14:39:19+00:00</time>
      </trkpt>
      <trkpt lat="49.620899" lon="0.746767">
        <ele>190.1</ele>
        <time>2026-10-08T14:39:24+00:00</time>
      </trkpt>
      <trkpt lat="49.620892" lon="0.746746">
        <ele>189.9</ele>
        <time>2026-10-08T14:39:30+00:00</time>
      </trkpt>
      <trkpt lat="49.620892" lon="0.746746">
        <ele>189.9</ele>
        <time>2026-10-08T14:39:34+00:00</time>
      </trkpt>
      <trkpt lat="49.620892" lon="0.746746">
        <ele>189.9</ele>
        <time>2026-10-08T14:39:40+00:00</time>
      </trkpt>
      <trkpt lat="49.620892" lon="0.746746">
        <ele>189.9</ele>
        <time>2026-10-08T14:39:44+00:00</time>
      </trkpt>
      <trkpt lat="49.620892" lon="0.746746">
        <ele>189.9</ele>
        <time>2026-10-08T14:39:49+00:00</time>
      </trkpt>
      <trkpt lat="49.620892" lon="0.746746">
        <ele>189.9</ele>
        <time>2026-10-08T14:39:55+00:00</time>
      </trkpt>
      <trkpt lat="49.620892" lon="0.746746">
        <ele>189.9</ele>
        <time>2026-10-08T14:40:00+00:00</time>
      </trkpt>
      <trkpt lat="49.620892" lon="0.746746">
        <ele>189.9</ele>
        <time>2026-10-08T14:40:04+00:00</time>
      </trkpt>
      <trkpt lat="49.620892" lon="0.746746">
        <ele>189.9</ele>
        <time>2026-10-08T14:40:11+00:00</time>
      </trkpt>
      <trkpt lat="49.620892" lon="0.746746">
        <ele>189.9</ele>
        <time>2026-10-08T14:40:15+00:00</time>
      </trkpt>
      <trkpt lat="49.620892" lon="0.746746">
        <ele>189.9</ele>
        <time>2026-10-08T14:40:20+00:00</time>
      </trkpt>
      <trkpt lat="49.620892" lon="0.746746">
        <ele>189.9</ele>
        <time>2026-10-08T14:40:26+00:00</time>
      </trkpt>
      <trkpt lat="49.620892" lon="0.746746">
        <ele>189.9</ele>
        <time>2026-10-08T14:40:30+00:00</time>
      </trkpt>
      <trkpt lat="49.620892" lon="0.746746">
        <ele>189.9</ele>
        <time>2026-10-08T14:40:36+00:00</time>
      </trkpt>
      <trkpt lat="49.620892" lon="0.746746">
        <ele>189.9</ele>
        <time>2026-10-08T14:40:41+00:00</time>
      </trkpt>
      <trkpt lat="49.620892" lon="0.746746">
        <ele>189.9</ele>
        <time>2026-10-08T14:40:46+00:00</time>
      </trkpt>
      <trkpt lat="49.620892" lon="0.746746">
        <ele>189.9</ele>
        <time>2026-10-08T14:40:51+00:00</time>
      </trkpt>
      <trkpt lat="49.620892" lon="0.746746">
        <ele>189.9</ele>
        <time>2026-10-08T14:40:55+00:00</time>
      </trkpt>
      <trkpt lat="49.620892" lon="0.746746">
        <ele>189.9</ele>
        <time>2026-10-08T14:41:00+00:00</time>
      </trkpt>
      <trkpt lat="49.620892" lon="0.746746">
        <ele>189.9</ele>
        <time>2026-10-08T14:41:06+00:00</time>
      </trkpt>
      <trkpt lat="49.620892" lon="0.746746">
        <ele>189.9</ele>
        <time>2026-10-08T14:41:13+00:00</time>
      </trkpt>
      <trkpt lat="49.620892" lon="0.746746">
        <ele>189.9</ele>
        <time>2026-10-08T14:41:18+00:00</time>
      </trkpt>
      <trkpt lat="49.620892" lon="0.746746">
        <ele>189.9</ele>
        <time>2026-10-08T14:41:22+00:00</time>
      </trkpt>
      <trkpt lat="49.620892" lon="0.746746">
        <ele>189.9</ele>
        <time>2026-10-08T14:41:26+00:00</time>
      </trkpt>
      <trkpt lat="49.620888" lon="0.746793">
        <ele>189</ele>
        <time>2026-10-08T14:41:32+00:00</time>
      </trkpt>
      <trkpt lat="49.620888" lon="0.746793">
        <ele>189</ele>
        <time>2026-10-08T14:41:38+00:00</time>
      </trkpt>
      <trkpt lat="49.620888" lon="0.746793">
        <ele>189</ele>
        <time>2026-10-08T14:41:42+00:00</time>
      </trkpt>
      <trkpt lat="49.620888" lon="0.746793">
        <ele>189</ele>
        <time>2026-10-08T14:41:48+00:00</time>
      </trkpt>
      <trkpt lat="49.620888" lon="0.746793">
        <ele>189</ele>
        <time>2026-10-08T14:41:51+00:00</time>
      </trkpt>
      <trkpt lat="49.620888" lon="0.746793">
        <ele>189</ele>
        <time>2026-10-08T14:41:57+00:00</time>
      </trkpt>
      <trkpt lat="49.620888" lon="0.746793">
        <ele>189</ele>
        <time>2026-10-08T14:42:03+00:00</time>
      </trkpt>
      <trkpt lat="49.620888" lon="0.746793">
        <ele>189</ele>
        <time>2026-10-08T14:42:08+00:00</time>
      </trkpt>
      <trkpt lat="49.620888" lon="0.746793">
        <ele>189</ele>
        <time>2026-10-08T14:42:15+00:00</time>
      </trkpt>
      <trkpt lat="49.620892" lon="0.746807">
        <ele>189.5</ele>
        <time>2026-10-08T14:42:20+00:00</time>
      </trkpt>
      <trkpt lat="49.620892" lon="0.746807">
        <ele>189.5</ele>
        <time>2026-10-08T14:42:24+00:00</time>
      </trkpt>
      <trkpt lat="49.620892" lon="0.746807">
        <ele>189.5</ele>
        <time>2026-10-08T14:42:28+00:00</time>
      </trkpt>
      <trkpt lat="49.620892" lon="0.746807">
        <ele>189.5</ele>
        <time>2026-10-08T14:42:34+00:00</time>
      </trkpt>
      <trkpt lat="49.620892" lon="0.746807">
        <ele>189.5</ele>
        <time>2026-10-08T14:42:39+00:00</time>
      </trkpt>
      <trkpt lat="49.620892" lon="0.746807">
        <ele>189.5</ele>
        <time>2026-10-08T14:42:44+00:00</time>
      </trkpt>
      <trkpt lat="49.620892" lon="0.746807">
        <ele>189.5</ele>
        <time>2026-10-08T14:42:49+00:00</time>
      </trkpt>
      <trkpt lat="49.620892" lon="0.746807">
        <ele>189.5</ele>
        <time>2026-10-08T14:42:55+00:00</time>
      </trkpt>
      <trkpt lat="49.620892" lon="0.746807">
        <ele>189.5</ele>
        <time>2026-10-08T14:43:00+00:00</time>
      </trkpt>
      <trkpt lat="49.620892" lon="0.746807">
        <ele>189.5</ele>
        <time>2026-10-08T14:43:04+00:00</time>
      </trkpt>
      <trkpt lat="49.620892" lon="0.746807">
        <ele>189.5</ele>
        <time>2026-10-08T14:43:09+00:00</time>
      </trkpt>
      <trkpt lat="49.620892" lon="0.746807">
        <ele>189.5</ele>
        <time>2026-10-08T14:43:17+00:00</time>
      </trkpt>
      <trkpt lat="49.620892" lon="0.746807">
        <ele>189.5</ele>
        <time>2026-10-08T14:43:21+00:00</time>
      </trkpt>
      <trkpt lat="49.620892" lon="0.746807">
        <ele>189.5</ele>
        <time>2026-10-08T14:43:25+00:00</time>
      </trkpt>
      <trkpt lat="49.620892" lon="0.746807">
        <ele>189.5</ele>
        <time>2026-10-08T14:43:31+00:00</time>
      </trkpt>
      <trkpt lat="49.620892" lon="0.746807">
        <ele>189.5</ele>
        <time>2026-10-08T14:43:36+00:00</time>
      </trkpt>
      <trkpt lat="49.620911" lon="0.746747">
        <ele>191.5</ele>
        <time>2026-10-08T14:43:41+00:00</time>
      </trkpt>
      <trkpt lat="49.620911" lon="0.746747">
        <ele>191.5</ele>
        <time>2026-10-08T14:43:46+00:00</time>
      </trkpt>
      <trkpt lat="49.620911" lon="0.746747">
        <ele>191.5</ele>
        <time>2026-10-08T14:43:50+00:00</time>
      </trkpt>
      <trkpt lat="49.620911" lon="0.746747">
        <ele>191.5</ele>
        <time>2026-10-08T14:43:56+00:00</time>
      </trkpt>
      <trkpt lat="49.620911" lon="0.746747">
        <ele>191.5</ele>
        <time>2026-10-08T14:44:02+00:00</time>
      </trkpt>
      <trkpt lat="49.620911" lon="0.746747">
        <ele>191.5</ele>
        <time>2026-10-08T14:44:06+00:00</time>
      </trkpt>
      <trkpt lat="49.620911" lon="0.746747">
        <ele>191.5</ele>
        <time>2026-10-08T14:44:11+00:00</time>
      </trkpt>
      <trkpt lat="49.620911" lon="0.746747">
        <ele>191.5</ele>
        <time>2026-10-08T14:44:19+00:00</time>
      </trkpt>
      <trkpt lat="49.620899" lon="0.746783">
        <ele>188.7</ele>
        <time>2026-10-08T14:44:23+00:00</time>
      </trkpt>
      <trkpt lat="49.620899" lon="0.746783">
        <ele>188.7</ele>
        <time>2026-10-08T14:44:27+00:00</time>
      </trkpt>
      <trkpt lat="49.620907" lon="0.746775">
        <ele>188.1</ele>
        <time>2026-10-08T14:44:33+00:00</time>
      </trkpt>
      <trkpt lat="49.620907" lon="0.746775">
        <ele>188.1</ele>
        <time>2026-10-08T14:44:38+00:00</time>
      </trkpt>
      <trkpt lat="49.620907" lon="0.746775">
        <ele>188.1</ele>
        <time>2026-10-08T14:44:43+00:00</time>
      </trkpt>
      <trkpt lat="49.620907" lon="0.746775">
        <ele>188.1</ele>
        <time>2026-10-08T14:44:48+00:00</time>
      </trkpt>
      <trkpt lat="49.620907" lon="0.746775">
        <ele>188.1</ele>
        <time>2026-10-08T14:44:52+00:00</time>
      </trkpt>
      <trkpt lat="49.620911" lon="0.746793">
        <ele>188.2</ele>
        <time>2026-10-08T14:44:58+00:00</time>
      </trkpt>
      <trkpt lat="49.620911" lon="0.746793">
        <ele>188.2</ele>
        <time>2026-10-08T14:45:03+00:00</time>
      </trkpt>
      <trkpt lat="49.620892" lon="0.746779">
        <ele>186.7</ele>
        <time>2026-10-08T14:45:09+00:00</time>
      </trkpt>
      <trkpt lat="49.620892" lon="0.746779">
        <ele>186.7</ele>
        <time>2026-10-08T14:45:13+00:00</time>
      </trkpt>
      <trkpt lat="49.620892" lon="0.746779">
        <ele>186.7</ele>
        <time>2026-10-08T14:45:20+00:00</time>
      </trkpt>
      <trkpt lat="49.620892" lon="0.746779">
        <ele>186.7</ele>
        <time>2026-10-08T14:45:25+00:00</time>
      </trkpt>
      <trkpt lat="49.620888" lon="0.746777">
        <ele>188.3</ele>
        <time>2026-10-08T14:45:29+00:00</time>
      </trkpt>
      <trkpt lat="49.620888" lon="0.746777">
        <ele>188.3</ele>
        <time>2026-10-08T14:45:35+00:00</time>
      </trkpt>
      <trkpt lat="49.620888" lon="0.746777">
        <ele>188.3</ele>
        <time>2026-10-08T14:45:40+00:00</time>
      </trkpt>
      <trkpt lat="49.620888" lon="0.746777">
        <ele>188.3</ele>
        <time>2026-10-08T14:45:45+00:00</time>
      </trkpt>
      <trkpt lat="49.620888" lon="0.746777">
        <ele>188.3</ele>
        <time>2026-10-08T14:45:50+00:00</time>
      </trkpt>
      <trkpt lat="49.620888" lon="0.746777">
        <ele>188.3</ele>
        <time>2026-10-08T14:45:54+00:00</time>
      </trkpt>
      <trkpt lat="49.620888" lon="0.746777">
        <ele>188.3</ele>
        <time>2026-10-08T14:45:59+00:00</time>
      </trkpt>
      <trkpt lat="49.620888" lon="0.746777">
        <ele>188.3</ele>
        <time>2026-10-08T14:46:05+00:00</time>
      </trkpt>
      <trkpt lat="49.620888" lon="0.746777">
        <ele>188.3</ele>
        <time>2026-10-08T14:46:10+00:00</time>
      </trkpt>
      <trkpt lat="49.620888" lon="0.746777">
        <ele>188.3</ele>
        <time>2026-10-08T14:46:14+00:00</time>
      </trkpt>
      <trkpt lat="49.620888" lon="0.746777">
        <ele>188.3</ele>
        <time>2026-10-08T14:46:22+00:00</time>
      </trkpt>
      <trkpt lat="49.620888" lon="0.746777">
        <ele>188.3</ele>
        <time>2026-10-08T14:46:27+00:00</time>
      </trkpt>
      <trkpt lat="49.62088" lon="0.7468">
        <ele>189.8</ele>
        <time>2026-10-08T14:46:30+00:00</time>
      </trkpt>
      <trkpt lat="49.62088" lon="0.7468">
        <ele>189.8</ele>
        <time>2026-10-08T14:46:37+00:00</time>
      </trkpt>
      <trkpt lat="49.62088" lon="0.7468">
        <ele>189.8</ele>
        <time>2026-10-08T14:46:41+00:00</time>
      </trkpt>
      <trkpt lat="49.62088" lon="0.7468">
        <ele>189.8</ele>
        <time>2026-10-08T14:46:47+00:00</time>
      </trkpt>
      <trkpt lat="49.62088" lon="0.7468">
        <ele>189.8</ele>
        <time>2026-10-08T14:46:51+00:00</time>
      </trkpt>
      <trkpt lat="49.62088" lon="0.7468">
        <ele>189.8</ele>
        <time>2026-10-08T14:46:55+00:00</time>
      </trkpt>
      <trkpt lat="49.62088" lon="0.746797">
        <ele>190</ele>
        <time>2026-10-08T14:47:01+00:00</time>
      </trkpt>
      <trkpt lat="49.62088" lon="0.746797">
        <ele>190</ele>
        <time>2026-10-08T14:47:07+00:00</time>
      </trkpt>
      <trkpt lat="49.62088" lon="0.746797">
        <ele>190</ele>
        <time>2026-10-08T14:47:11+00:00</time>
      </trkpt>
      <trkpt lat="49.62088" lon="0.746797">
        <ele>190</ele>
        <time>2026-10-08T14:47:16+00:00</time>
      </trkpt>
      <trkpt lat="49.62088" lon="0.746797">
        <ele>190</ele>
        <time>2026-10-08T14:47:23+00:00</time>
      </trkpt>
      <trkpt lat="49.62088" lon="0.746797">
        <ele>190</ele>
        <time>2026-10-08T14:47:28+00:00</time>
      </trkpt>
      <trkpt lat="49.62088" lon="0.746797">
        <ele>190</ele>
        <time>2026-10-08T14:47:32+00:00</time>
      </trkpt>
      <trkpt lat="49.62088" lon="0.746797">
        <ele>190</ele>
        <time>2026-10-08T14:47:38+00:00</time>
      </trkpt>
      <trkpt lat="49.62088" lon="0.746797">
        <ele>190</ele>
        <time>2026-10-08T14:47:43+00:00</time>
      </trkpt>
      <trkpt lat="49.62088" lon="0.746817">
        <ele>187</ele>
        <time>2026-10-08T14:47:48+00:00</time>
      </trkpt>
      <trkpt lat="49.62088" lon="0.746817">
        <ele>187</ele>
        <time>2026-10-08T14:47:53+00:00</time>
      </trkpt>
      <trkpt lat="49.62088" lon="0.746817">
        <ele>187</ele>
        <time>2026-10-08T14:47:58+00:00</time>
      </trkpt>
      <trkpt lat="49.62088" lon="0.746817">
        <ele>187</ele>
        <time>2026-10-08T14:48:02+00:00</time>
      </trkpt>
      <trkpt lat="49.62088" lon="0.746817">
        <ele>187</ele>
        <time>2026-10-08T14:48:08+00:00</time>
      </trkpt>
      <trkpt lat="49.62088" lon="0.746817">
        <ele>187</ele>
        <time>2026-10-08T14:48:13+00:00</time>
      </trkpt>
      <trkpt lat="49.62088" lon="0.746817">
        <ele>187</ele>
        <time>2026-10-08T14:48:18+00:00</time>
      </trkpt>
      <trkpt lat="49.62088" lon="0.746817">
        <ele>187</ele>
        <time>2026-10-08T14:48:25+00:00</time>
      </trkpt>
      <trkpt lat="49.62088" lon="0.746817">
        <ele>187</ele>
        <time>2026-10-08T14:48:29+00:00</time>
      </trkpt>
      <trkpt lat="49.62088" lon="0.746817">
        <ele>187</ele>
        <time>2026-10-08T14:48:35+00:00</time>
      </trkpt>
      <trkpt lat="49.62088" lon="0.746817">
        <ele>187</ele>
        <time>2026-10-08T14:48:39+00:00</time>
      </trkpt>
      <trkpt lat="49.62088" lon="0.746817">
        <ele>187</ele>
        <time>2026-10-08T14:48:45+00:00</time>
      </trkpt>
      <trkpt lat="49.62088" lon="0.746817">
        <ele>187</ele>
        <time>2026-10-08T14:48:50+00:00</time>
      </trkpt>
      <trkpt lat="49.620899" lon="0.746803">
        <ele>186.9</ele>
        <time>2026-10-08T14:48:55+00:00</time>
      </trkpt>
      <trkpt lat="49.620899" lon="0.746803">
        <ele>186.9</ele>
        <time>2026-10-08T14:49:00+00:00</time>
      </trkpt>
      <trkpt lat="49.620899" lon="0.746803">
        <ele>186.9</ele>
        <time>2026-10-08T14:49:05+00:00</time>
      </trkpt>
      <trkpt lat="49.620899" lon="0.746803">
        <ele>186.9</ele>
        <time>2026-10-08T14:49:09+00:00</time>
      </trkpt>
      <trkpt lat="49.620899" lon="0.746803">
        <ele>186.9</ele>
        <time>2026-10-08T14:49:15+00:00</time>
      </trkpt>
      <trkpt lat="49.620899" lon="0.746803">
        <ele>186.9</ele>
        <time>2026-10-08T14:49:20+00:00</time>
      </trkpt>
      <trkpt lat="49.620899" lon="0.746803">
        <ele>186.9</ele>
        <time>2026-10-08T14:49:27+00:00</time>
      </trkpt>
      <trkpt lat="49.620899" lon="0.746803">
        <ele>186.9</ele>
        <time>2026-10-08T14:49:32+00:00</time>
      </trkpt>
      <trkpt lat="49.620899" lon="0.746803">
        <ele>186.9</ele>
        <time>2026-10-08T14:49:36+00:00</time>
      </trkpt>
      <trkpt lat="49.620899" lon="0.746803">
        <ele>186.9</ele>
        <time>2026-10-08T14:49:40+00:00</time>
      </trkpt>
      <trkpt lat="49.620899" lon="0.746803">
        <ele>186.9</ele>
        <time>2026-10-08T14:49:46+00:00</time>
      </trkpt>
      <trkpt lat="49.620899" lon="0.746803">
        <ele>186.9</ele>
        <time>2026-10-08T14:49:51+00:00</time>
      </trkpt>
      <trkpt lat="49.620907" lon="0.746801">
        <ele>188.9</ele>
        <time>2026-10-08T14:49:57+00:00</time>
      </trkpt>
      <trkpt lat="49.620907" lon="0.746801">
        <ele>188.9</ele>
        <time>2026-10-08T14:50:01+00:00</time>
      </trkpt>
      <trkpt lat="49.620907" lon="0.746801">
        <ele>188.9</ele>
        <time>2026-10-08T14:50:06+00:00</time>
      </trkpt>
      <trkpt lat="49.620907" lon="0.746801">
        <ele>188.9</ele>
        <time>2026-10-08T14:50:11+00:00</time>
      </trkpt>
      <trkpt lat="49.620907" lon="0.746801">
        <ele>188.9</ele>
        <time>2026-10-08T14:50:16+00:00</time>
      </trkpt>
      <trkpt lat="49.620907" lon="0.746801">
        <ele>188.9</ele>
        <time>2026-10-08T14:50:21+00:00</time>
      </trkpt>
      <trkpt lat="49.620907" lon="0.746801">
        <ele>188.9</ele>
        <time>2026-10-08T14:50:29+00:00</time>
      </trkpt>
      <trkpt lat="49.620899" lon="0.746794">
        <ele>185.5</ele>
        <time>2026-10-08T14:50:33+00:00</time>
      </trkpt>
      <trkpt lat="49.620899" lon="0.746783">
        <ele>185.9</ele>
        <time>2026-10-08T14:50:38+00:00</time>
      </trkpt>
      <trkpt lat="49.620899" lon="0.746783">
        <ele>185.9</ele>
        <time>2026-10-08T14:50:44+00:00</time>
      </trkpt>
      <trkpt lat="49.620899" lon="0.746783">
        <ele>185.9</ele>
        <time>2026-10-08T14:50:47+00:00</time>
      </trkpt>
      <trkpt lat="49.620899" lon="0.746783">
        <ele>185.9</ele>
        <time>2026-10-08T14:50:54+00:00</time>
      </trkpt>
      <trkpt lat="49.620899" lon="0.746783">
        <ele>185.9</ele>
        <time>2026-10-08T14:50:59+00:00</time>
      </trkpt>
      <trkpt lat="49.620899" lon="0.746783">
        <ele>185.9</ele>
        <time>2026-10-08T14:51:03+00:00</time>
      </trkpt>
      <trkpt lat="49.620907" lon="0.746776">
        <ele>189.6</ele>
        <time>2026-10-08T14:51:08+00:00</time>
      </trkpt>
      <trkpt lat="49.620907" lon="0.746776">
        <ele>189.6</ele>
        <time>2026-10-08T14:51:14+00:00</time>
      </trkpt>
      <trkpt lat="49.620907" lon="0.746776">
        <ele>189.6</ele>
        <time>2026-10-08T14:51:18+00:00</time>
      </trkpt>
      <trkpt lat="49.620907" lon="0.746776">
        <ele>189.6</ele>
        <time>2026-10-08T14:51:23+00:00</time>
      </trkpt>
      <trkpt lat="49.620907" lon="0.746776">
        <ele>189.6</ele>
        <time>2026-10-08T14:51:30+00:00</time>
      </trkpt>
      <trkpt lat="49.620907" lon="0.746776">
        <ele>189.6</ele>
        <time>2026-10-08T14:51:34+00:00</time>
      </trkpt>
      <trkpt lat="49.620907" lon="0.746776">
        <ele>189.6</ele>
        <time>2026-10-08T14:51:40+00:00</time>
      </trkpt>
      <trkpt lat="49.620907" lon="0.746776">
        <ele>189.6</ele>
        <time>2026-10-08T14:51:45+00:00</time>
      </trkpt>
      <trkpt lat="49.620907" lon="0.746776">
        <ele>189.6</ele>
        <time>2026-10-08T14:51:50+00:00</time>
      </trkpt>
      <trkpt lat="49.620907" lon="0.746776">
        <ele>189.6</ele>
        <time>2026-10-08T14:51:54+00:00</time>
      </trkpt>
      <trkpt lat="49.620907" lon="0.746776">
        <ele>189.6</ele>
        <time>2026-10-08T14:52:00+00:00</time>
      </trkpt>
      <trkpt lat="49.620907" lon="0.746776">
        <ele>189.6</ele>
        <time>2026-10-08T14:52:05+00:00</time>
      </trkpt>
      <trkpt lat="49.620907" lon="0.746776">
        <ele>189.6</ele>
        <time>2026-10-08T14:52:10+00:00</time>
      </trkpt>
      <trkpt lat="49.620907" lon="0.746776">
        <ele>189.6</ele>
        <time>2026-10-08T14:52:13+00:00</time>
      </trkpt>
      <trkpt lat="49.620888" lon="0.746809">
        <ele>194.4</ele>
        <time>2026-10-08T14:52:19+00:00</time>
      </trkpt>
      <trkpt lat="49.620888" lon="0.746809">
        <ele>194.4</ele>
        <time>2026-10-08T14:52:24+00:00</time>
      </trkpt>
      <trkpt lat="49.620888" lon="0.746814">
        <ele>194.4</ele>
        <time>2026-10-08T14:52:31+00:00</time>
      </trkpt>
      <trkpt lat="49.620888" lon="0.746814">
        <ele>194.4</ele>
        <time>2026-10-08T14:52:36+00:00</time>
      </trkpt>
      <trkpt lat="49.620888" lon="0.746814">
        <ele>194.4</ele>
        <time>2026-10-08T14:52:42+00:00</time>
      </trkpt>
      <trkpt lat="49.620888" lon="0.746814">
        <ele>194.4</ele>
        <time>2026-10-08T14:52:46+00:00</time>
      </trkpt>
      <trkpt lat="49.620888" lon="0.746814">
        <ele>194.4</ele>
        <time>2026-10-08T14:52:52+00:00</time>
      </trkpt>
      <trkpt lat="49.620888" lon="0.746814">
        <ele>194.4</ele>
        <time>2026-10-08T14:52:56+00:00</time>
      </trkpt>
      <trkpt lat="49.620888" lon="0.746814">
        <ele>194.4</ele>
        <time>2026-10-08T14:53:01+00:00</time>
      </trkpt>
      <trkpt lat="49.620888" lon="0.746814">
        <ele>194.4</ele>
        <time>2026-10-08T14:53:06+00:00</time>
      </trkpt>
      <trkpt lat="49.620888" lon="0.746814">
        <ele>194.4</ele>
        <time>2026-10-08T14:53:11+00:00</time>
      </trkpt>
      <trkpt lat="49.620888" lon="0.746814">
        <ele>194.4</ele>
        <time>2026-10-08T14:53:17+00:00</time>
      </trkpt>
      <trkpt lat="49.620911" lon="0.746821">
        <ele>194.9</ele>
        <time>2026-10-08T14:53:22+00:00</time>
      </trkpt>
      <trkpt lat="49.620911" lon="0.746821">
        <ele>194.9</ele>
        <time>2026-10-08T14:53:26+00:00</time>
      </trkpt>
      <trkpt lat="49.620911" lon="0.746812">
        <ele>194.8</ele>
        <time>2026-10-08T14:53:34+00:00</time>
      </trkpt>
      <trkpt lat="49.620911" lon="0.746812">
        <ele>194.8</ele>
        <time>2026-10-08T14:53:38+00:00</time>
      </trkpt>
      <trkpt lat="49.620911" lon="0.746812">
        <ele>194.8</ele>
        <time>2026-10-08T14:53:43+00:00</time>
      </trkpt>
      <trkpt lat="49.620907" lon="0.746796">
        <ele>193.3</ele>
        <time>2026-10-08T14:53:48+00:00</time>
      </trkpt>
      <trkpt lat="49.620899" lon="0.746799">
        <ele>192.5</ele>
        <time>2026-10-08T14:53:53+00:00</time>
      </trkpt>
      <trkpt lat="49.620918" lon="0.746787">
        <ele>192.3</ele>
        <time>2026-10-08T14:53:57+00:00</time>
      </trkpt>
      <trkpt lat="49.620918" lon="0.746787">
        <ele>192.3</ele>
        <time>2026-10-08T14:54:03+00:00</time>
      </trkpt>
      <trkpt lat="49.620918" lon="0.746787">
        <ele>192.3</ele>
        <time>2026-10-08T14:54:08+00:00</time>
      </trkpt>
      <trkpt lat="49.620918" lon="0.746787">
        <ele>192.3</ele>
        <time>2026-10-08T14:54:13+00:00</time>
      </trkpt>
      <trkpt lat="49.620918" lon="0.746787">
        <ele>192.3</ele>
        <time>2026-10-08T14:54:18+00:00</time>
      </trkpt>
      <trkpt lat="49.620918" lon="0.746787">
        <ele>192.3</ele>
        <time>2026-10-08T14:54:23+00:00</time>
      </trkpt>
      <trkpt lat="49.620918" lon="0.746787">
        <ele>192.3</ele>
        <time>2026-10-08T14:54:27+00:00</time>
      </trkpt>
      <trkpt lat="49.620918" lon="0.746803">
        <ele>193.5</ele>
        <time>2026-10-08T14:54:35+00:00</time>
      </trkpt>
      <trkpt lat="49.620918" lon="0.746803">
        <ele>193.5</ele>
        <time>2026-10-08T14:54:39+00:00</time>
      </trkpt>
      <trkpt lat="49.620918" lon="0.746803">
        <ele>193.5</ele>
        <time>2026-10-08T14:54:45+00:00</time>
      </trkpt>
      <trkpt lat="49.620918" lon="0.746803">
        <ele>193.5</ele>
        <time>2026-10-08T14:54:50+00:00</time>
      </trkpt>
      <trkpt lat="49.620918" lon="0.746803">
        <ele>193.5</ele>
        <time>2026-10-08T14:54:55+00:00</time>
      </trkpt>
      <trkpt lat="49.620911" lon="0.746804">
        <ele>194.9</ele>
        <time>2026-10-08T14:54:58+00:00</time>
      </trkpt>
      <trkpt lat="49.620911" lon="0.746804">
        <ele>194.9</ele>
        <time>2026-10-08T14:55:04+00:00</time>
      </trkpt>
      <trkpt lat="49.620911" lon="0.746804">
        <ele>194.9</ele>
        <time>2026-10-08T14:55:10+00:00</time>
      </trkpt>
      <trkpt lat="49.620911" lon="0.746804">
        <ele>194.9</ele>
        <time>2026-10-08T14:55:15+00:00</time>
      </trkpt>
      <trkpt lat="49.620911" lon="0.746804">
        <ele>194.9</ele>
        <time>2026-10-08T14:55:19+00:00</time>
      </trkpt>
      <trkpt lat="49.620911" lon="0.746804">
        <ele>194.9</ele>
        <time>2026-10-08T14:55:25+00:00</time>
      </trkpt>
      <trkpt lat="49.620911" lon="0.746804">
        <ele>194.9</ele>
        <time>2026-10-08T14:55:28+00:00</time>
      </trkpt>
      <trkpt lat="49.620926" lon="0.7468">
        <ele>193.5</ele>
        <time>2026-10-08T14:55:37+00:00</time>
      </trkpt>
      <trkpt lat="49.620926" lon="0.7468">
        <ele>193.5</ele>
        <time>2026-10-08T14:55:40+00:00</time>
      </trkpt>
      <trkpt lat="49.620911" lon="0.746803">
        <ele>194</ele>
        <time>2026-10-08T14:55:47+00:00</time>
      </trkpt>
      <trkpt lat="49.620911" lon="0.746803">
        <ele>194</ele>
        <time>2026-10-08T14:55:51+00:00</time>
      </trkpt>
      <trkpt lat="49.620907" lon="0.746797">
        <ele>193.2</ele>
        <time>2026-10-08T14:55:56+00:00</time>
      </trkpt>
      <trkpt lat="49.620888" lon="0.746797">
        <ele>193.7</ele>
        <time>2026-10-08T14:56:01+00:00</time>
      </trkpt>
      <trkpt lat="49.620888" lon="0.746797">
        <ele>193.7</ele>
        <time>2026-10-08T14:56:05+00:00</time>
      </trkpt>
      <trkpt lat="49.620888" lon="0.746797">
        <ele>193.7</ele>
        <time>2026-10-08T14:56:11+00:00</time>
      </trkpt>
      <trkpt lat="49.620888" lon="0.746797">
        <ele>193.7</ele>
        <time>2026-10-08T14:56:17+00:00</time>
      </trkpt>
      <trkpt lat="49.620888" lon="0.746797">
        <ele>193.7</ele>
        <time>2026-10-08T14:56:21+00:00</time>
      </trkpt>
      <trkpt lat="49.620907" lon="0.746774">
        <ele>194.3</ele>
        <time>2026-10-08T14:56:27+00:00</time>
      </trkpt>
      <trkpt lat="49.620907" lon="0.746774">
        <ele>194.3</ele>
        <time>2026-10-08T14:56:32+00:00</time>
      </trkpt>
      <trkpt lat="49.620907" lon="0.746774">
        <ele>194.3</ele>
        <time>2026-10-08T14:56:39+00:00</time>
      </trkpt>
      <trkpt lat="49.620907" lon="0.746774">
        <ele>194.3</ele>
        <time>2026-10-08T14:56:44+00:00</time>
      </trkpt>
      <trkpt lat="49.620918" lon="0.746784">
        <ele>193.5</ele>
        <time>2026-10-08T14:56:49+00:00</time>
      </trkpt>
      <trkpt lat="49.620926" lon="0.746779">
        <ele>192.9</ele>
        <time>2026-10-08T14:56:53+00:00</time>
      </trkpt>
      <trkpt lat="49.620918" lon="0.746783">
        <ele>193.1</ele>
        <time>2026-10-08T14:56:58+00:00</time>
      </trkpt>
      <trkpt lat="49.620918" lon="0.746779">
        <ele>193.4</ele>
        <time>2026-10-08T14:57:03+00:00</time>
      </trkpt>
      <trkpt lat="49.620918" lon="0.746779">
        <ele>193.4</ele>
        <time>2026-10-08T14:57:08+00:00</time>
      </trkpt>
      <trkpt lat="49.620918" lon="0.746779">
        <ele>193.4</ele>
        <time>2026-10-08T14:57:12+00:00</time>
      </trkpt>
      <trkpt lat="49.620918" lon="0.746779">
        <ele>193.4</ele>
        <time>2026-10-08T14:57:18+00:00</time>
      </trkpt>
      <trkpt lat="49.620918" lon="0.746757">
        <ele>193.8</ele>
        <time>2026-10-08T14:57:23+00:00</time>
      </trkpt>
      <trkpt lat="49.620911" lon="0.746769">
        <ele>193.8</ele>
        <time>2026-10-08T14:57:28+00:00</time>
      </trkpt>
      <trkpt lat="49.620892" lon="0.74679">
        <ele>193.2</ele>
        <time>2026-10-08T14:57:33+00:00</time>
      </trkpt>
      <trkpt lat="49.620892" lon="0.74679">
        <ele>193.2</ele>
        <time>2026-10-08T14:57:40+00:00</time>
      </trkpt>
      <trkpt lat="49.620892" lon="0.74679">
        <ele>193.2</ele>
        <time>2026-10-08T14:57:45+00:00</time>
      </trkpt>
      <trkpt lat="49.620911" lon="0.746782">
        <ele>191.9</ele>
        <time>2026-10-08T14:57:49+00:00</time>
      </trkpt>
      <trkpt lat="49.620911" lon="0.746782">
        <ele>191.9</ele>
        <time>2026-10-08T14:57:55+00:00</time>
      </trkpt>
      <trkpt lat="49.620918" lon="0.746783">
        <ele>192.2</ele>
        <time>2026-10-08T14:58:00+00:00</time>
      </trkpt>
      <trkpt lat="49.620918" lon="0.746793">
        <ele>192.8</ele>
        <time>2026-10-08T14:58:05+00:00</time>
      </trkpt>
      <trkpt lat="49.620918" lon="0.746792">
        <ele>193.3</ele>
        <time>2026-10-08T14:58:10+00:00</time>
      </trkpt>
      <trkpt lat="49.620918" lon="0.746792">
        <ele>192.3</ele>
        <time>2026-10-08T14:58:15+00:00</time>
      </trkpt>
      <trkpt lat="49.620918" lon="0.746792">
        <ele>192.3</ele>
        <time>2026-10-08T14:58:19+00:00</time>
      </trkpt>
      <trkpt lat="49.620918" lon="0.746792">
        <ele>192.3</ele>
        <time>2026-10-08T14:58:25+00:00</time>
      </trkpt>
      <trkpt lat="49.620918" lon="0.746792">
        <ele>192.3</ele>
        <time>2026-10-08T14:58:29+00:00</time>
      </trkpt>
      <trkpt lat="49.620918" lon="0.746792">
        <ele>192.3</ele>
        <time>2026-10-08T14:58:35+00:00</time>
      </trkpt>
      <trkpt lat="49.620907" lon="0.746798">
        <ele>192.9</ele>
        <time>2026-10-08T14:58:42+00:00</time>
      </trkpt>
      <trkpt lat="49.620907" lon="0.746798">
        <ele>192.9</ele>
        <time>2026-10-08T14:58:46+00:00</time>
      </trkpt>
      <trkpt lat="49.620907" lon="0.746798">
        <ele>192.9</ele>
        <time>2026-10-08T14:58:51+00:00</time>
      </trkpt>
      <trkpt lat="49.620907" lon="0.746798">
        <ele>192.9</ele>
        <time>2026-10-08T14:58:56+00:00</time>
      </trkpt>
      <trkpt lat="49.620907" lon="0.746798">
        <ele>192.9</ele>
        <time>2026-10-08T14:59:02+00:00</time>
      </trkpt>
      <trkpt lat="49.620907" lon="0.746798">
        <ele>192.9</ele>
        <time>2026-10-08T14:59:06+00:00</time>
      </trkpt>
      <trkpt lat="49.620907" lon="0.746798">
        <ele>192.9</ele>
        <time>2026-10-08T14:59:12+00:00</time>
      </trkpt>
      <trkpt lat="49.620899" lon="0.746768">
        <ele>193.9</ele>
        <time>2026-10-08T14:59:16+00:00</time>
      </trkpt>
      <trkpt lat="49.620911" lon="0.746786">
        <ele>194.8</ele>
        <time>2026-10-08T14:59:22+00:00</time>
      </trkpt>
      <trkpt lat="49.620911" lon="0.746786">
        <ele>194.8</ele>
        <time>2026-10-08T14:59:26+00:00</time>
      </trkpt>
      <trkpt lat="49.620911" lon="0.746786">
        <ele>194.8</ele>
        <time>2026-10-08T14:59:31+00:00</time>
      </trkpt>
      <trkpt lat="49.62093" lon="0.746793">
        <ele>196.3</ele>
        <time>2026-10-08T14:59:36+00:00</time>
      </trkpt>
      <trkpt lat="49.62093" lon="0.746793">
        <ele>196.3</ele>
        <time>2026-10-08T14:59:44+00:00</time>
      </trkpt>
      <trkpt lat="49.62093" lon="0.746793">
        <ele>196.3</ele>
        <time>2026-10-08T14:59:48+00:00</time>
      </trkpt>
      <trkpt lat="49.62093" lon="0.746793">
        <ele>196.3</ele>
        <time>2026-10-08T14:59:53+00:00</time>
      </trkpt>
      <trkpt lat="49.62093" lon="0.746793">
        <ele>196.3</ele>
        <time>2026-10-08T14:59:58+00:00</time>
      </trkpt>
    </trkseg>
  </trk>
  <trk>
    <name><![CDATA[OsmAnd 2026-10-08 17]]></name>
    <trkseg>
      <trkpt lat="49.62093" lon="0.746781">
        <ele>196.8</ele>
        <time>2026-10-08T15:00:03+00:00</time>
      </trkpt>
      <trkpt lat="49.62093" lon="0.746781">
        <ele>196.8</ele>
        <time>2026-10-08T15:00:08+00:00</time>
      </trkpt>
      <trkpt lat="49.62093" lon="0.746781">
        <ele>196.8</ele>
        <time>2026-10-08T15:00:13+00:00</time>
      </trkpt>
      <trkpt lat="49.62093" lon="0.746781">
        <ele>196.8</ele>
        <time>2026-10-08T15:00:18+00:00</time>
      </trkpt>
      <trkpt lat="49.62093" lon="0.746781">
        <ele>196.8</ele>
        <time>2026-10-08T15:00:23+00:00</time>
      </trkpt>
      <trkpt lat="49.62093" lon="0.746781">
        <ele>196.8</ele>
        <time>2026-10-08T15:00:27+00:00</time>
      </trkpt>
      <trkpt lat="49.620945" lon="0.746808">
        <ele>195.5</ele>
        <time>2026-10-08T15:00:33+00:00</time>
      </trkpt>
      <trkpt lat="49.620945" lon="0.746808">
        <ele>195.5</ele>
        <time>2026-10-08T15:00:38+00:00</time>
      </trkpt>
      <trkpt lat="49.620945" lon="0.746808">
        <ele>195.5</ele>
        <time>2026-10-08T15:00:45+00:00</time>
      </trkpt>
      <trkpt lat="49.620945" lon="0.746808">
        <ele>195.5</ele>
        <time>2026-10-08T15:00:50+00:00</time>
      </trkpt>
      <trkpt lat="49.620926" lon="0.746791">
        <ele>193.3</ele>
        <time>2026-10-08T15:00:55+00:00</time>
      </trkpt>
      <trkpt lat="49.620918" lon="0.746797">
        <ele>191.9</ele>
        <time>2026-10-08T15:01:00+00:00</time>
      </trkpt>
      <trkpt lat="49.620918" lon="0.746797">
        <ele>191.9</ele>
        <time>2026-10-08T15:01:04+00:00</time>
      </trkpt>
      <trkpt lat="49.620911" lon="0.746809">
        <ele>188.1</ele>
        <time>2026-10-08T15:01:10+00:00</time>
      </trkpt>
      <trkpt lat="49.620918" lon="0.746796">
        <ele>187.6</ele>
        <time>2026-10-08T15:01:15+00:00</time>
      </trkpt>
      <trkpt lat="49.620918" lon="0.746796">
        <ele>187.6</ele>
        <time>2026-10-08T15:01:20+00:00</time>
      </trkpt>
      <trkpt lat="49.620918" lon="0.746796">
        <ele>187.6</ele>
        <time>2026-10-08T15:01:25+00:00</time>
      </trkpt>
      <trkpt lat="49.620918" lon="0.746796">
        <ele>187.6</ele>
        <time>2026-10-08T15:01:30+00:00</time>
      </trkpt>
      <trkpt lat="49.620918" lon="0.746796">
        <ele>187.6</ele>
        <time>2026-10-08T15:01:34+00:00</time>
      </trkpt>
      <trkpt lat="49.620918" lon="0.746796">
        <ele>187.6</ele>
        <time>2026-10-08T15:01:40+00:00</time>
      </trkpt>
      <trkpt lat="49.620918" lon="0.746796">
        <ele>187.6</ele>
        <time>2026-10-08T15:01:46+00:00</time>
      </trkpt>
      <trkpt lat="49.620918" lon="0.746796">
        <ele>187.6</ele>
        <time>2026-10-08T15:01:52+00:00</time>
      </trkpt>
      <trkpt lat="49.62093" lon="0.746748">
        <ele>189.5</ele>
        <time>2026-10-08T15:01:57+00:00</time>
      </trkpt>
      <trkpt lat="49.62093" lon="0.746748">
        <ele>189.5</ele>
        <time>2026-10-08T15:02:01+00:00</time>
      </trkpt>
      <trkpt lat="49.620937" lon="0.746729">
        <ele>192.3</ele>
        <time>2026-10-08T15:02:05+00:00</time>
      </trkpt>
      <trkpt lat="49.620945" lon="0.74673">
        <ele>193.1</ele>
        <time>2026-10-08T15:02:11+00:00</time>
      </trkpt>
      <trkpt lat="49.620945" lon="0.74673">
        <ele>193.1</ele>
        <time>2026-10-08T15:02:16+00:00</time>
      </trkpt>
      <trkpt lat="49.620945" lon="0.74673">
        <ele>193.1</ele>
        <time>2026-10-08T15:02:22+00:00</time>
      </trkpt>
      <trkpt lat="49.620945" lon="0.74673">
        <ele>193.1</ele>
        <time>2026-10-08T15:02:26+00:00</time>
      </trkpt>
      <trkpt lat="49.620945" lon="0.74673">
        <ele>193.1</ele>
        <time>2026-10-08T15:02:31+00:00</time>
      </trkpt>
      <trkpt lat="49.620945" lon="0.74673">
        <ele>193.1</ele>
        <time>2026-10-08T15:02:37+00:00</time>
      </trkpt>
      <trkpt lat="49.620945" lon="0.74673">
        <ele>193.1</ele>
        <time>2026-10-08T15:02:41+00:00</time>
      </trkpt>
      <trkpt lat="49.620945" lon="0.74673">
        <ele>193.1</ele>
        <time>2026-10-08T15:02:48+00:00</time>
      </trkpt>
      <trkpt lat="49.620945" lon="0.74673">
        <ele>193.1</ele>
        <time>2026-10-08T15:02:54+00:00</time>
      </trkpt>
      <trkpt lat="49.620945" lon="0.74673">
        <ele>193.1</ele>
        <time>2026-10-08T15:02:59+00:00</time>
      </trkpt>
      <trkpt lat="49.620918" lon="0.746791">
        <ele>191.4</ele>
        <time>2026-10-08T15:03:03+00:00</time>
      </trkpt>
      <trkpt lat="49.620918" lon="0.746791">
        <ele>191.4</ele>
        <time>2026-10-08T15:03:08+00:00</time>
      </trkpt>
      <trkpt lat="49.620918" lon="0.746791">
        <ele>191.4</ele>
        <time>2026-10-08T15:03:12+00:00</time>
      </trkpt>
      <trkpt lat="49.620918" lon="0.7468">
        <ele>191.7</ele>
        <time>2026-10-08T15:03:18+00:00</time>
      </trkpt>
      <trkpt lat="49.620918" lon="0.7468">
        <ele>191.7</ele>
        <time>2026-10-08T15:03:24+00:00</time>
      </trkpt>
      <trkpt lat="49.620918" lon="0.7468">
        <ele>191.7</ele>
        <time>2026-10-08T15:03:28+00:00</time>
      </trkpt>
      <trkpt lat="49.620918" lon="0.7468">
        <ele>191.7</ele>
        <time>2026-10-08T15:03:34+00:00</time>
      </trkpt>
      <trkpt lat="49.620918" lon="0.7468">
        <ele>191.7</ele>
        <time>2026-10-08T15:03:37+00:00</time>
      </trkpt>
      <trkpt lat="49.620918" lon="0.7468">
        <ele>191.7</ele>
        <time>2026-10-08T15:03:43+00:00</time>
      </trkpt>
      <trkpt lat="49.620918" lon="0.7468">
        <ele>191.7</ele>
        <time>2026-10-08T15:03:51+00:00</time>
      </trkpt>
      <trkpt lat="49.620918" lon="0.7468">
        <ele>191.7</ele>
        <time>2026-10-08T15:03:55+00:00</time>
      </trkpt>
      <trkpt lat="49.620918" lon="0.7468">
        <ele>191.7</ele>
        <time>2026-10-08T15:04:00+00:00</time>
      </trkpt>
      <trkpt lat="49.620918" lon="0.7468">
        <ele>191.7</ele>
        <time>2026-10-08T15:04:06+00:00</time>
      </trkpt>
      <trkpt lat="49.620918" lon="0.7468">
        <ele>191.7</ele>
        <time>2026-10-08T15:04:10+00:00</time>
      </trkpt>
      <trkpt lat="49.620918" lon="0.7468">
        <ele>191.7</ele>
        <time>2026-10-08T15:04:14+00:00</time>
      </trkpt>
      <trkpt lat="49.620918" lon="0.7468">
        <ele>191.7</ele>
        <time>2026-10-08T15:04:20+00:00</time>
      </trkpt>
      <trkpt lat="49.620918" lon="0.7468">
        <ele>191.7</ele>
        <time>2026-10-08T15:04:25+00:00</time>
      </trkpt>
      <trkpt lat="49.620918" lon="0.7468">
        <ele>191.7</ele>
        <time>2026-10-08T15:04:30+00:00</time>
      </trkpt>
      <trkpt lat="49.620918" lon="0.7468">
        <ele>191.7</ele>
        <time>2026-10-08T15:04:35+00:00</time>
      </trkpt>
      <trkpt lat="49.620918" lon="0.7468">
        <ele>191.7</ele>
        <time>2026-10-08T15:04:41+00:00</time>
      </trkpt>
      <trkpt lat="49.620918" lon="0.7468">
        <ele>191.7</ele>
        <time>2026-10-08T15:04:44+00:00</time>
      </trkpt>
      <trkpt lat="49.620918" lon="0.7468">
        <ele>191.7</ele>
        <time>2026-10-08T15:04:52+00:00</time>
      </trkpt>
      <trkpt lat="49.620918" lon="0.7468">
        <ele>191.7</ele>
        <time>2026-10-08T15:04:56+00:00</time>
      </trkpt>
      <trkpt lat="49.620918" lon="0.7468">
        <ele>191.7</ele>
        <time>2026-10-08T15:05:02+00:00</time>
      </trkpt>
      <trkpt lat="49.620918" lon="0.7468">
        <ele>191.7</ele>
        <time>2026-10-08T15:05:07+00:00</time>
      </trkpt>
      <trkpt lat="49.620918" lon="0.7468">
        <ele>191.7</ele>
        <time>2026-10-08T15:05:12+00:00</time>
      </trkpt>
      <trkpt lat="49.620918" lon="0.7468">
        <ele>191.7</ele>
        <time>2026-10-08T15:05:17+00:00</time>
      </trkpt>
      <trkpt lat="49.620918" lon="0.7468">
        <ele>191.7</ele>
        <time>2026-10-08T15:05:21+00:00</time>
      </trkpt>
      <trkpt lat="49.620918" lon="0.7468">
        <ele>191.7</ele>
        <time>2026-10-08T15:05:27+00:00</time>
      </trkpt>
      <trkpt lat="49.620918" lon="0.7468">
        <ele>191.7</ele>
        <time>2026-10-08T15:05:31+00:00</time>
      </trkpt>
      <trkpt lat="49.620918" lon="0.7468">
        <ele>191.7</ele>
        <time>2026-10-08T15:05:37+00:00</time>
      </trkpt>
      <trkpt lat="49.620918" lon="0.7468">
        <ele>191.7</ele>
        <time>2026-10-08T15:05:42+00:00</time>
      </trkpt>
      <trkpt lat="49.620918" lon="0.7468">
        <ele>191.7</ele>
        <time>2026-10-08T15:05:47+00:00</time>
      </trkpt>
      <trkpt lat="49.620918" lon="0.7468">
        <ele>191.7</ele>
        <time>2026-10-08T15:05:54+00:00</time>
      </trkpt>
      <trkpt lat="49.620918" lon="0.7468">
        <ele>191.7</ele>
        <time>2026-10-08T15:05:58+00:00</time>
      </trkpt>
      <trkpt lat="49.620918" lon="0.7468">
        <ele>191.7</ele>
        <time>2026-10-08T15:06:04+00:00</time>
      </trkpt>
      <trkpt lat="49.620918" lon="0.7468">
        <ele>191.7</ele>
        <time>2026-10-08T15:06:09+00:00</time>
      </trkpt>
      <trkpt lat="49.620911" lon="0.746746">
        <ele>188.3</ele>
        <time>2026-10-08T15:06:13+00:00</time>
      </trkpt>
      <trkpt lat="49.620911" lon="0.746746">
        <ele>188.3</ele>
        <time>2026-10-08T15:06:18+00:00</time>
      </trkpt>
      <trkpt lat="49.620911" lon="0.746746">
        <ele>188.3</ele>
        <time>2026-10-08T15:06:22+00:00</time>
      </trkpt>
      <trkpt lat="49.620911" lon="0.746746">
        <ele>188.3</ele>
        <time>2026-10-08T15:06:28+00:00</time>
      </trkpt>
      <trkpt lat="49.620911" lon="0.746746">
        <ele>188.3</ele>
        <time>2026-10-08T15:06:34+00:00</time>
      </trkpt>
      <trkpt lat="49.620911" lon="0.746746">
        <ele>188.3</ele>
        <time>2026-10-08T15:06:38+00:00</time>
      </trkpt>
      <trkpt lat="49.620911" lon="0.746746">
        <ele>188.3</ele>
        <time>2026-10-08T15:06:44+00:00</time>
      </trkpt>
      <trkpt lat="49.620911" lon="0.746766">
        <ele>188.6</ele>
        <time>2026-10-08T15:06:49+00:00</time>
      </trkpt>
      <trkpt lat="49.620911" lon="0.746766">
        <ele>188.6</ele>
        <time>2026-10-08T15:06:56+00:00</time>
      </trkpt>
      <trkpt lat="49.620911" lon="0.746766">
        <ele>188.6</ele>
        <time>2026-10-08T15:06:59+00:00</time>
      </trkpt>
      <trkpt lat="49.620911" lon="0.746766">
        <ele>188.6</ele>
        <time>2026-10-08T15:07:05+00:00</time>
      </trkpt>
      <trkpt lat="49.620911" lon="0.746766">
        <ele>188.6</ele>
        <time>2026-10-08T15:07:10+00:00</time>
      </trkpt>
      <trkpt lat="49.620911" lon="0.746766">
        <ele>188.6</ele>
        <time>2026-10-08T15:07:15+00:00</time>
      </trkpt>
      <trkpt lat="49.620911" lon="0.746766">
        <ele>188.6</ele>
        <time>2026-10-08T15:07:20+00:00</time>
      </trkpt>
      <trkpt lat="49.620911" lon="0.746766">
        <ele>188.6</ele>
        <time>2026-10-08T15:07:25+00:00</time>
      </trkpt>
      <trkpt lat="49.620911" lon="0.746766">
        <ele>188.6</ele>
        <time>2026-10-08T15:07:30+00:00</time>
      </trkpt>
      <trkpt lat="49.620911" lon="0.746766">
        <ele>188.6</ele>
        <time>2026-10-08T15:07:35+00:00</time>
      </trkpt>
      <trkpt lat="49.620911" lon="0.746766">
        <ele>188.6</ele>
        <time>2026-10-08T15:07:40+00:00</time>
      </trkpt>
      <trkpt lat="49.620911" lon="0.746766">
        <ele>188.6</ele>
        <time>2026-10-08T15:07:45+00:00</time>
      </trkpt>
      <trkpt lat="49.620911" lon="0.746766">
        <ele>188.6</ele>
        <time>2026-10-08T15:07:50+00:00</time>
      </trkpt>
      <trkpt lat="49.620911" lon="0.746766">
        <ele>188.6</ele>
        <time>2026-10-08T15:07:57+00:00</time>
      </trkpt>
      <trkpt lat="49.620911" lon="0.746766">
        <ele>188.6</ele>
        <time>2026-10-08T15:08:00+00:00</time>
      </trkpt>
      <trkpt lat="49.620911" lon="0.746766">
        <ele>188.6</ele>
        <time>2026-10-08T15:08:07+00:00</time>
      </trkpt>
      <trkpt lat="49.620911" lon="0.746766">
        <ele>188.6</ele>
        <time>2026-10-08T15:08:11+00:00</time>
      </trkpt>
      <trkpt lat="49.620911" lon="0.746766">
        <ele>188.6</ele>
        <time>2026-10-08T15:08:17+00:00</time>
      </trkpt>
      <trkpt lat="49.620911" lon="0.746766">
        <ele>188.6</ele>
        <time>2026-10-08T15:08:21+00:00</time>
      </trkpt>
      <trkpt lat="49.620911" lon="0.746766">
        <ele>188.6</ele>
        <time>2026-10-08T15:08:27+00:00</time>
      </trkpt>
      <trkpt lat="49.620911" lon="0.746766">
        <ele>188.6</ele>
        <time>2026-10-08T15:08:32+00:00</time>
      </trkpt>
      <trkpt lat="49.620911" lon="0.746766">
        <ele>188.6</ele>
        <time>2026-10-08T15:08:37+00:00</time>
      </trkpt>
      <trkpt lat="49.620911" lon="0.746766">
        <ele>188.6</ele>
        <time>2026-10-08T15:08:42+00:00</time>
      </trkpt>
      <trkpt lat="49.620911" lon="0.746766">
        <ele>188.6</ele>
        <time>2026-10-08T15:08:47+00:00</time>
      </trkpt>
      <trkpt lat="49.620911" lon="0.746766">
        <ele>188.6</ele>
        <time>2026-10-08T15:08:50+00:00</time>
      </trkpt>
      <trkpt lat="49.620911" lon="0.746766">
        <ele>188.6</ele>
        <time>2026-10-08T15:08:59+00:00</time>
      </trkpt>
      <trkpt lat="49.620911" lon="0.746766">
        <ele>188.6</ele>
        <time>2026-10-08T15:09:03+00:00</time>
      </trkpt>
      <trkpt lat="49.620911" lon="0.746766">
        <ele>188.6</ele>
        <time>2026-10-08T15:09:08+00:00</time>
      </trkpt>
      <trkpt lat="49.620911" lon="0.746766">
        <ele>188.6</ele>
        <time>2026-10-08T15:09:14+00:00</time>
      </trkpt>
      <trkpt lat="49.620911" lon="0.746766">
        <ele>188.6</ele>
        <time>2026-10-08T15:09:19+00:00</time>
      </trkpt>
      <trkpt lat="49.620911" lon="0.746766">
        <ele>188.6</ele>
        <time>2026-10-08T15:09:23+00:00</time>
      </trkpt>
      <trkpt lat="49.62093" lon="0.746768">
        <ele>186.2</ele>
        <time>2026-10-08T15:09:29+00:00</time>
      </trkpt>
      <trkpt lat="49.62093" lon="0.746768">
        <ele>186.2</ele>
        <time>2026-10-08T15:09:34+00:00</time>
      </trkpt>
      <trkpt lat="49.62093" lon="0.746768">
        <ele>186.2</ele>
        <time>2026-10-08T15:09:38+00:00</time>
      </trkpt>
      <trkpt lat="49.62093" lon="0.746768">
        <ele>186.2</ele>
        <time>2026-10-08T15:09:43+00:00</time>
      </trkpt>
      <trkpt lat="49.62093" lon="0.746768">
        <ele>186.2</ele>
        <time>2026-10-08T15:09:49+00:00</time>
      </trkpt>
      <trkpt lat="49.62093" lon="0.746768">
        <ele>186.2</ele>
        <time>2026-10-08T15:09:52+00:00</time>
      </trkpt>
      <trkpt lat="49.62093" lon="0.746768">
        <ele>186.2</ele>
        <time>2026-10-08T15:10:01+00:00</time>
      </trkpt>
      <trkpt lat="49.62093" lon="0.746768">
        <ele>186.2</ele>
        <time>2026-10-08T15:10:06+00:00</time>
      </trkpt>
      <trkpt lat="49.62093" lon="0.746768">
        <ele>186.2</ele>
        <time>2026-10-08T15:10:10+00:00</time>
      </trkpt>
      <trkpt lat="49.62093" lon="0.746768">
        <ele>186.2</ele>
        <time>2026-10-08T15:10:15+00:00</time>
      </trkpt>
      <trkpt lat="49.62093" lon="0.746768">
        <ele>186.2</ele>
        <time>2026-10-08T15:10:20+00:00</time>
      </trkpt>
      <trkpt lat="49.62093" lon="0.746768">
        <ele>186.2</ele>
        <time>2026-10-08T15:10:25+00:00</time>
      </trkpt>
      <trkpt lat="49.62093" lon="0.746768">
        <ele>186.2</ele>
        <time>2026-10-08T15:10:31+00:00</time>
      </trkpt>
      <trkpt lat="49.62093" lon="0.746768">
        <ele>186.2</ele>
        <time>2026-10-08T15:10:35+00:00</time>
      </trkpt>
      <trkpt lat="49.62093" lon="0.746768">
        <ele>186.2</ele>
        <time>2026-10-08T15:10:41+00:00</time>
      </trkpt>
      <trkpt lat="49.62093" lon="0.746768">
        <ele>186.2</ele>
        <time>2026-10-08T15:10:46+00:00</time>
      </trkpt>
      <trkpt lat="49.62093" lon="0.746768">
        <ele>186.2</ele>
        <time>2026-10-08T15:10:50+00:00</time>
      </trkpt>
      <trkpt lat="49.62093" lon="0.746768">
        <ele>186.2</ele>
        <time>2026-10-08T15:10:54+00:00</time>
      </trkpt>
      <trkpt lat="49.620926" lon="0.746766">
        <ele>181.6</ele>
        <time>2026-10-08T15:11:03+00:00</time>
      </trkpt>
      <trkpt lat="49.620926" lon="0.746766">
        <ele>181.6</ele>
        <time>2026-10-08T15:11:07+00:00</time>
      </trkpt>
      <trkpt lat="49.620926" lon="0.746766">
        <ele>181.6</ele>
        <time>2026-10-08T15:11:12+00:00</time>
      </trkpt>
      <trkpt lat="49.620926" lon="0.746766">
        <ele>181.6</ele>
        <time>2026-10-08T15:11:17+00:00</time>
      </trkpt>
      <trkpt lat="49.620926" lon="0.746766">
        <ele>181.6</ele>
        <time>2026-10-08T15:11:22+00:00</time>
      </trkpt>
      <trkpt lat="49.620926" lon="0.746766">
        <ele>181.6</ele>
        <time>2026-10-08T15:11:27+00:00</time>
      </trkpt>
      <trkpt lat="49.620926" lon="0.746766">
        <ele>181.6</ele>
        <time>2026-10-08T15:11:33+00:00</time>
      </trkpt>
      <trkpt lat="49.620926" lon="0.746766">
        <ele>181.6</ele>
        <time>2026-10-08T15:11:37+00:00</time>
      </trkpt>
      <trkpt lat="49.62088" lon="0.7468">
        <ele>177.8</ele>
        <time>2026-10-08T15:11:42+00:00</time>
      </trkpt>
      <trkpt lat="49.62088" lon="0.746798">
        <ele>176.4</ele>
        <time>2026-10-08T15:11:47+00:00</time>
      </trkpt>
      <trkpt lat="49.62088" lon="0.746798">
        <ele>176.4</ele>
        <time>2026-10-08T15:11:52+00:00</time>
      </trkpt>
      <trkpt lat="49.62088" lon="0.746798">
        <ele>176.4</ele>
        <time>2026-10-08T15:11:57+00:00</time>
      </trkpt>
      <trkpt lat="49.62088" lon="0.746798">
        <ele>176.4</ele>
        <time>2026-10-08T15:12:04+00:00</time>
      </trkpt>
      <trkpt lat="49.62088" lon="0.746798">
        <ele>176.4</ele>
        <time>2026-10-08T15:12:08+00:00</time>
      </trkpt>
      <trkpt lat="49.62088" lon="0.746798">
        <ele>176.4</ele>
        <time>2026-10-08T15:12:14+00:00</time>
      </trkpt>
      <trkpt lat="49.620937" lon="0.746767">
        <ele>176.9</ele>
        <time>2026-10-08T15:12:18+00:00</time>
      </trkpt>
      <trkpt lat="49.62093" lon="0.746772">
        <ele>176.8</ele>
        <time>2026-10-08T15:12:23+00:00</time>
      </trkpt>
      <trkpt lat="49.62093" lon="0.746772">
        <ele>176.8</ele>
        <time>2026-10-08T15:12:28+00:00</time>
      </trkpt>
      <trkpt lat="49.62093" lon="0.746772">
        <ele>176.8</ele>
        <time>2026-10-08T15:12:33+00:00</time>
      </trkpt>
      <trkpt lat="49.62093" lon="0.746772">
        <ele>176.8</ele>
        <time>2026-10-08T15:12:39+00:00</time>
      </trkpt>
      <trkpt lat="49.62093" lon="0.746772">
        <ele>176.8</ele>
        <time>2026-10-08T15:12:44+00:00</time>
      </trkpt>
      <trkpt lat="49.620911" lon="0.746757">
        <ele>177.5</ele>
        <time>2026-10-08T15:12:49+00:00</time>
      </trkpt>
      <trkpt lat="49.620911" lon="0.746757">
        <ele>177.5</ele>
        <time>2026-10-08T15:12:54+00:00</time>
      </trkpt>
      <trkpt lat="49.620911" lon="0.746757">
        <ele>177.5</ele>
        <time>2026-10-08T15:12:57+00:00</time>
      </trkpt>
      <trkpt lat="49.620918" lon="0.746753">
        <ele>179.1</ele>
        <time>2026-10-08T15:13:06+00:00</time>
      </trkpt>
      <trkpt lat="49.620918" lon="0.746753">
        <ele>179.1</ele>
        <time>2026-10-08T15:13:10+00:00</time>
      </trkpt>
      <trkpt lat="49.620918" lon="0.746753">
        <ele>179.1</ele>
        <time>2026-10-08T15:13:15+00:00</time>
      </trkpt>
      <trkpt lat="49.620918" lon="0.746753">
        <ele>179.1</ele>
        <time>2026-10-08T15:13:20+00:00</time>
      </trkpt>
      <trkpt lat="49.620937" lon="0.746753">
        <ele>182</ele>
        <time>2026-10-08T15:13:25+00:00</time>
      </trkpt>
      <trkpt lat="49.620937" lon="0.746753">
        <ele>182</ele>
        <time>2026-10-08T15:13:31+00:00</time>
      </trkpt>
      <trkpt lat="49.620937" lon="0.746753">
        <ele>182</ele>
        <time>2026-10-08T15:13:36+00:00</time>
      </trkpt>
      <trkpt lat="49.620937" lon="0.746753">
        <ele>182</ele>
        <time>2026-10-08T15:13:40+00:00</time>
      </trkpt>
      <trkpt lat="49.620937" lon="0.746753">
        <ele>182</ele>
        <time>2026-10-08T15:13:46+00:00</time>
      </trkpt>
      <trkpt lat="49.620937" lon="0.746753">
        <ele>182</ele>
        <time>2026-10-08T15:13:50+00:00</time>
      </trkpt>
      <trkpt lat="49.620937" lon="0.746753">
        <ele>182</ele>
        <time>2026-10-08T15:13:55+00:00</time>
      </trkpt>
      <trkpt lat="49.620937" lon="0.746753">
        <ele>182</ele>
        <time>2026-10-08T15:13:59+00:00</time>
      </trkpt>
      <trkpt lat="49.620926" lon="0.746815">
        <ele>188.3</ele>
        <time>2026-10-08T15:14:07+00:00</time>
      </trkpt>
      <trkpt lat="49.620926" lon="0.746815">
        <ele>188.3</ele>
        <time>2026-10-08T15:14:12+00:00</time>
      </trkpt>
      <trkpt lat="49.620907" lon="0.746803">
        <ele>185.8</ele>
        <time>2026-10-08T15:14:17+00:00</time>
      </trkpt>
      <trkpt lat="49.620907" lon="0.746803">
        <ele>185.8</ele>
        <time>2026-10-08T15:14:22+00:00</time>
      </trkpt>
      <trkpt lat="49.620907" lon="0.746803">
        <ele>185.8</ele>
        <time>2026-10-08T15:14:27+00:00</time>
      </trkpt>
      <trkpt lat="49.620907" lon="0.746803">
        <ele>185.8</ele>
        <time>2026-10-08T15:14:32+00:00</time>
      </trkpt>
      <trkpt lat="49.620907" lon="0.746803">
        <ele>185.8</ele>
        <time>2026-10-08T15:14:37+00:00</time>
      </trkpt>
      <trkpt lat="49.620907" lon="0.746803">
        <ele>185.8</ele>
        <time>2026-10-08T15:14:42+00:00</time>
      </trkpt>
      <trkpt lat="49.620911" lon="0.746802">
        <ele>189</ele>
        <time>2026-10-08T15:14:47+00:00</time>
      </trkpt>
      <trkpt lat="49.620937" lon="0.746777">
        <ele>189</ele>
        <time>2026-10-08T15:14:52+00:00</time>
      </trkpt>
      <trkpt lat="49.620949" lon="0.746765">
        <ele>188.8</ele>
        <time>2026-10-08T15:14:57+00:00</time>
      </trkpt>
      <trkpt lat="49.620945" lon="0.746926">
        <ele>188.2</ele>
        <time>2026-10-08T15:15:02+00:00</time>
      </trkpt>
      <trkpt lat="49.621044" lon="0.747081">
        <ele>184.3</ele>
        <time>2026-10-08T15:15:10+00:00</time>
      </trkpt>
      <trkpt lat="49.621021" lon="0.747305">
        <ele>184</ele>
        <time>2026-10-08T15:15:14+00:00</time>
      </trkpt>
      <trkpt lat="49.62093" lon="0.747712">
        <ele>186.9</ele>
        <time>2026-10-08T15:15:19+00:00</time>
      </trkpt>
      <trkpt lat="49.620804" lon="0.748076">
        <ele>188</ele>
        <time>2026-10-08T15:15:24+00:00</time>
      </trkpt>
      <trkpt lat="49.620697" lon="0.748312">
        <ele>185.5</ele>
        <time>2026-10-08T15:15:29+00:00</time>
      </trkpt>
      <trkpt lat="49.620659" lon="0.748451">
        <ele>185.2</ele>
        <time>2026-10-08T15:15:33+00:00</time>
      </trkpt>
      <trkpt lat="49.620373" lon="0.748847">
        <ele>186.3</ele>
        <time>2026-10-08T15:15:39+00:00</time>
      </trkpt>
      <trkpt lat="49.62011" lon="0.749059">
        <ele>186.5</ele>
        <time>2026-10-08T15:15:44+00:00</time>
      </trkpt>
      <trkpt lat="49.620029" lon="0.749154">
        <ele>189.8</ele>
        <time>2026-10-08T15:15:49+00:00</time>
      </trkpt>
      <trkpt lat="49.619621" lon="0.749483">
        <ele>194.3</ele>
        <time>2026-10-08T15:15:54+00:00</time>
      </trkpt>
      <trkpt lat="49.619209" lon="0.749752">
        <ele>192.5</ele>
        <time>2026-10-08T15:15:59+00:00</time>
      </trkpt>
      <trkpt lat="49.61882" lon="0.750054">
        <ele>193.7</ele>
        <time>2026-10-08T15:16:04+00:00</time>
      </trkpt>
      <trkpt lat="49.618565" lon="0.750626">
        <ele>189.7</ele>
        <time>2026-10-08T15:16:12+00:00</time>
      </trkpt>
      <trkpt lat="49.61861" lon="0.751223">
        <ele>191.8</ele>
        <time>2026-10-08T15:16:16+00:00</time>
      </trkpt>
      <trkpt lat="49.618656" lon="0.751857">
        <ele>196.2</ele>
        <time>2026-10-08T15:16:21+00:00</time>
      </trkpt>
      <trkpt lat="49.618641" lon="0.752211">
        <ele>187.5</ele>
        <time>2026-10-08T15:16:26+00:00</time>
      </trkpt>
      <trkpt lat="49.618641" lon="0.75224">
        <ele>186.3</ele>
        <time>2026-10-08T15:16:31+00:00</time>
      </trkpt>
      <trkpt lat="49.618637" lon="0.752265">
        <ele>184.2</ele>
        <time>2026-10-08T15:16:35+00:00</time>
      </trkpt>
      <trkpt lat="49.61863" lon="0.752265">
        <ele>183.6</ele>
        <time>2026-10-08T15:16:41+00:00</time>
      </trkpt>
      <trkpt lat="49.61863" lon="0.752265">
        <ele>183.6</ele>
        <time>2026-10-08T15:16:46+00:00</time>
      </trkpt>
      <trkpt lat="49.61863" lon="0.752265">
        <ele>183.6</ele>
        <time>2026-10-08T15:16:51+00:00</time>
      </trkpt>
      <trkpt lat="49.618637" lon="0.752219">
        <ele>186.5</ele>
        <time>2026-10-08T15:16:56+00:00</time>
      </trkpt>
      <trkpt lat="49.618637" lon="0.752217">
        <ele>187</ele>
        <time>2026-10-08T15:17:00+00:00</time>
      </trkpt>
      <trkpt lat="49.618599" lon="0.752234">
        <ele>187.5</ele>
        <time>2026-10-08T15:17:06+00:00</time>
      </trkpt>
      <trkpt lat="49.618622" lon="0.752604">
        <ele>188.7</ele>
        <time>2026-10-08T15:17:13+00:00</time>
      </trkpt>
      <trkpt lat="49.618736" lon="0.753192">
        <ele>188.3</ele>
        <time>2026-10-08T15:17:18+00:00</time>
      </trkpt>
      <trkpt lat="49.618794" lon="0.753844">
        <ele>193</ele>
        <time>2026-10-08T15:17:23+00:00</time>
      </trkpt>
      <trkpt lat="49.618858" lon="0.754507">
        <ele>197.5</ele>
        <time>2026-10-08T15:17:28+00:00</time>
      </trkpt>
      <trkpt lat="49.618858" lon="0.75503">
        <ele>196.3</ele>
        <time>2026-10-08T15:17:32+00:00</time>
      </trkpt>
      <trkpt lat="49.618961" lon="0.755793">
        <ele>196.6</ele>
        <time>2026-10-08T15:17:38+00:00</time>
      </trkpt>
      <trkpt lat="49.61898" lon="0.756344">
        <ele>196.5</ele>
        <time>2026-10-08T15:17:42+00:00</time>
      </trkpt>
      <trkpt lat="49.619076" lon="0.756986">
        <ele>194.1</ele>
        <time>2026-10-08T15:17:47+00:00</time>
      </trkpt>
      <trkpt lat="49.619106" lon="0.757308">
        <ele>193.1</ele>
        <time>2026-10-08T15:17:53+00:00</time>
      </trkpt>
      <trkpt lat="49.619114" lon="0.757274">
        <ele>193.7</ele>
        <time>2026-10-08T15:17:57+00:00</time>
      </trkpt>
      <trkpt lat="49.619171" lon="0.757559">
        <ele>190.6</ele>
        <time>2026-10-08T15:18:02+00:00</time>
      </trkpt>
      <trkpt lat="49.619305" lon="0.758129">
        <ele>188.4</ele>
        <time>2026-10-08T15:18:08+00:00</time>
      </trkpt>
      <trkpt lat="49.619488" lon="0.758871">
        <ele>190</ele>
        <time>2026-10-08T15:18:15+00:00</time>
      </trkpt>
      <trkpt lat="49.619583" lon="0.75935">
        <ele>190.5</ele>
        <time>2026-10-08T15:18:19+00:00</time>
      </trkpt>
      <trkpt lat="49.619743" lon="0.759999">
        <ele>189.4</ele>
        <time>2026-10-08T15:18:24+00:00</time>
      </trkpt>
      <trkpt lat="49.619831" lon="0.760658">
        <ele>190.1</ele>
        <time>2026-10-08T15:18:29+00:00</time>
      </trkpt>
      <trkpt lat="49.619946" lon="0.761245">
        <ele>190.8</ele>
        <time>2026-10-08T15:18:34+00:00</time>
      </trkpt>
      <trkpt lat="49.620071" lon="0.761872">
        <ele>189.4</ele>
        <time>2026-10-08T15:18:39+00:00</time>
      </trkpt>
      <trkpt lat="49.620144" lon="0.762583">
        <ele>185.3</ele>
        <time>2026-10-08T15:18:44+00:00</time>
      </trkpt>
      <trkpt lat="49.620308" lon="0.763153">
        <ele>183.4</ele>
        <time>2026-10-08T15:18:49+00:00</time>
      </trkpt>
      <trkpt lat="49.62043" lon="0.763722">
        <ele>182.7</ele>
        <time>2026-10-08T15:18:54+00:00</time>
      </trkpt>
      <trkpt lat="49.620594" lon="0.764344">
        <ele>187.5</ele>
        <time>2026-10-08T15:19:00+00:00</time>
      </trkpt>
      <trkpt lat="49.620701" lon="0.765034">
        <ele>189.4</ele>
        <time>2026-10-08T15:19:04+00:00</time>
      </trkpt>
      <trkpt lat="49.620907" lon="0.765934">
        <ele>192.6</ele>
        <time>2026-10-08T15:19:09+00:00</time>
      </trkpt>
      <trkpt lat="49.621159" lon="0.76716">
        <ele>193.7</ele>
        <time>2026-10-08T15:19:16+00:00</time>
      </trkpt>
      <trkpt lat="49.621326" lon="0.767989">
        <ele>196.2</ele>
        <time>2026-10-08T15:19:21+00:00</time>
      </trkpt>
      <trkpt lat="49.621471" lon="0.768656">
        <ele>194</ele>
        <time>2026-10-08T15:19:25+00:00</time>
      </trkpt>
      <trkpt lat="49.621605" lon="0.769469">
        <ele>195.3</ele>
        <time>2026-10-08T15:19:31+00:00</time>
      </trkpt>
      <trkpt lat="49.621681" lon="0.769878">
        <ele>190.7</ele>
        <time>2026-10-08T15:19:36+00:00</time>
      </trkpt>
      <trkpt lat="49.621536" lon="0.77009">
        <ele>193.4</ele>
        <time>2026-10-08T15:19:41+00:00</time>
      </trkpt>
      <trkpt lat="49.621368" lon="0.770249">
        <ele>193.7</ele>
        <time>2026-10-08T15:19:45+00:00</time>
      </trkpt>
      <trkpt lat="49.62125" lon="0.770121">
        <ele>195.6</ele>
        <time>2026-10-08T15:19:50+00:00</time>
      </trkpt>
      <trkpt lat="49.621082" lon="0.770076">
        <ele>194.6</ele>
        <time>2026-10-08T15:19:56+00:00</time>
      </trkpt>
      <trkpt lat="49.621044" lon="0.769982">
        <ele>196.7</ele>
        <time>2026-10-08T15:20:01+00:00</time>
      </trkpt>
      <trkpt lat="49.621044" lon="0.769982">
        <ele>196.7</ele>
        <time>2026-10-08T15:20:06+00:00</time>
      </trkpt>
      <trkpt lat="49.621044" lon="0.769982">
        <ele>196.7</ele>
        <time>2026-10-08T15:20:11+00:00</time>
      </trkpt>
      <trkpt lat="49.621044" lon="0.769982">
        <ele>196.7</ele>
        <time>2026-10-08T15:20:18+00:00</time>
      </trkpt>
      <trkpt lat="49.621044" lon="0.769982">
        <ele>196.7</ele>
        <time>2026-10-08T15:20:23+00:00</time>
      </trkpt>
      <trkpt lat="49.621044" lon="0.769982">
        <ele>196.7</ele>
        <time>2026-10-08T15:20:28+00:00</time>
      </trkpt>
      <trkpt lat="49.621044" lon="0.769982">
        <ele>196.7</ele>
        <time>2026-10-08T15:20:32+00:00</time>
      </trkpt>
      <trkpt lat="49.621044" lon="0.769982">
        <ele>196.7</ele>
        <time>2026-10-08T15:20:37+00:00</time>
      </trkpt>
      <trkpt lat="49.621044" lon="0.769982">
        <ele>196.7</ele>
        <time>2026-10-08T15:20:42+00:00</time>
      </trkpt>
      <trkpt lat="49.621044" lon="0.769982">
        <ele>196.7</ele>
        <time>2026-10-08T15:20:47+00:00</time>
      </trkpt>
      <trkpt lat="49.621033" lon="0.769935">
        <ele>192.7</ele>
        <time>2026-10-08T15:20:53+00:00</time>
      </trkpt>
      <trkpt lat="49.62104" lon="0.769935">
        <ele>193.1</ele>
        <time>2026-10-08T15:20:57+00:00</time>
      </trkpt>
      <trkpt lat="49.62104" lon="0.769935">
        <ele>193.1</ele>
        <time>2026-10-08T15:21:03+00:00</time>
      </trkpt>
      <trkpt lat="49.62104" lon="0.769935">
        <ele>193.1</ele>
        <time>2026-10-08T15:21:08+00:00</time>
      </trkpt>
      <trkpt lat="49.62104" lon="0.769935">
        <ele>193.1</ele>
        <time>2026-10-08T15:21:12+00:00</time>
      </trkpt>
      <trkpt lat="49.62104" lon="0.769935">
        <ele>193.1</ele>
        <time>2026-10-08T15:21:19+00:00</time>
      </trkpt>
      <trkpt lat="49.621025" lon="0.769954">
        <ele>192.7</ele>
        <time>2026-10-08T15:21:25+00:00</time>
      </trkpt>
      <trkpt lat="49.621025" lon="0.769954">
        <ele>192.7</ele>
        <time>2026-10-08T15:21:30+00:00</time>
      </trkpt>
      <trkpt lat="49.621025" lon="0.769954">
        <ele>192.7</ele>
        <time>2026-10-08T15:21:35+00:00</time>
      </trkpt>
      <trkpt lat="49.621025" lon="0.769954">
        <ele>192.7</ele>
        <time>2026-10-08T15:21:38+00:00</time>
      </trkpt>
      <trkpt lat="49.621025" lon="0.769954">
        <ele>192.7</ele>
        <time>2026-10-08T15:21:44+00:00</time>
      </trkpt>
      <trkpt lat="49.621025" lon="0.769954">
        <ele>192.7</ele>
        <time>2026-10-08T15:21:50+00:00</time>
      </trkpt>
      <trkpt lat="49.621002" lon="0.769955">
        <ele>190.3</ele>
        <time>2026-10-08T15:21:54+00:00</time>
      </trkpt>
      <trkpt lat="49.621002" lon="0.769955">
        <ele>190.3</ele>
        <time>2026-10-08T15:21:59+00:00</time>
      </trkpt>
      <trkpt lat="49.621002" lon="0.769955">
        <ele>190.3</ele>
        <time>2026-10-08T15:22:04+00:00</time>
      </trkpt>
      <trkpt lat="49.621002" lon="0.769955">
        <ele>190.3</ele>
        <time>2026-10-08T15:22:09+00:00</time>
      </trkpt>
      <trkpt lat="49.621006" lon="0.769945">
        <ele>190.5</ele>
        <time>2026-10-08T15:22:15+00:00</time>
      </trkpt>
      <trkpt lat="49.621006" lon="0.769945">
        <ele>190.5</ele>
        <time>2026-10-08T15:22:22+00:00</time>
      </trkpt>
      <trkpt lat="49.621006" lon="0.769945">
        <ele>190.5</ele>
        <time>2026-10-08T15:22:27+00:00</time>
      </trkpt>
      <trkpt lat="49.621006" lon="0.769945">
        <ele>190.5</ele>
        <time>2026-10-08T15:22:31+00:00</time>
      </trkpt>
      <trkpt lat="49.621006" lon="0.769945">
        <ele>190.5</ele>
        <time>2026-10-08T15:22:36+00:00</time>
      </trkpt>
      <trkpt lat="49.621006" lon="0.769945">
        <ele>190.5</ele>
        <time>2026-10-08T15:22:41+00:00</time>
      </trkpt>
      <trkpt lat="49.621014" lon="0.769964">
        <ele>191.6</ele>
        <time>2026-10-08T15:22:46+00:00</time>
      </trkpt>
      <trkpt lat="49.621014" lon="0.769964">
        <ele>191.6</ele>
        <time>2026-10-08T15:22:51+00:00</time>
      </trkpt>
      <trkpt lat="49.621014" lon="0.769964">
        <ele>191.6</ele>
        <time>2026-10-08T15:22:57+00:00</time>
      </trkpt>
      <trkpt lat="49.621014" lon="0.769964">
        <ele>191.6</ele>
        <time>2026-10-08T15:23:01+00:00</time>
      </trkpt>
      <trkpt lat="49.621014" lon="0.769964">
        <ele>191.6</ele>
        <time>2026-10-08T15:23:06+00:00</time>
      </trkpt>
      <trkpt lat="49.621014" lon="0.769964">
        <ele>191.6</ele>
        <time>2026-10-08T15:23:11+00:00</time>
      </trkpt>
      <trkpt lat="49.621021" lon="0.769952">
        <ele>195.1</ele>
        <time>2026-10-08T15:23:17+00:00</time>
      </trkpt>
      <trkpt lat="49.621021" lon="0.769952">
        <ele>195.1</ele>
        <time>2026-10-08T15:23:24+00:00</time>
      </trkpt>
      <trkpt lat="49.621021" lon="0.769952">
        <ele>195.1</ele>
        <time>2026-10-08T15:23:28+00:00</time>
      </trkpt>
      <trkpt lat="49.621021" lon="0.769952">
        <ele>195.1</ele>
        <time>2026-10-08T15:23:34+00:00</time>
      </trkpt>
      <trkpt lat="49.621021" lon="0.769952">
        <ele>195.1</ele>
        <time>2026-10-08T15:23:38+00:00</time>
      </trkpt>
      <trkpt lat="49.621021" lon="0.769952">
        <ele>195.1</ele>
        <time>2026-10-08T15:23:43+00:00</time>
      </trkpt>
      <trkpt lat="49.621021" lon="0.769952">
        <ele>195.1</ele>
        <time>2026-10-08T15:23:49+00:00</time>
      </trkpt>
      <trkpt lat="49.621021" lon="0.769952">
        <ele>195.1</ele>
        <time>2026-10-08T15:23:53+00:00</time>
      </trkpt>
      <trkpt lat="49.621021" lon="0.769952">
        <ele>195.1</ele>
        <time>2026-10-08T15:23:58+00:00</time>
      </trkpt>
      <trkpt lat="49.621021" lon="0.769952">
        <ele>195.1</ele>
        <time>2026-10-08T15:24:03+00:00</time>
      </trkpt>
      <trkpt lat="49.621021" lon="0.769952">
        <ele>195.1</ele>
        <time>2026-10-08T15:24:08+00:00</time>
      </trkpt>
      <trkpt lat="49.621021" lon="0.769952">
        <ele>195.1</ele>
        <time>2026-10-08T15:24:14+00:00</time>
      </trkpt>
      <trkpt lat="49.621021" lon="0.769952">
        <ele>195.1</ele>
        <time>2026-10-08T15:24:18+00:00</time>
      </trkpt>
      <trkpt lat="49.621021" lon="0.769952">
        <ele>195.1</ele>
        <time>2026-10-08T15:24:25+00:00</time>
      </trkpt>
      <trkpt lat="49.621021" lon="0.769952">
        <ele>195.1</ele>
        <time>2026-10-08T15:24:30+00:00</time>
      </trkpt>
      <trkpt lat="49.621021" lon="0.769952">
        <ele>195.1</ele>
        <time>2026-10-08T15:24:35+00:00</time>
      </trkpt>
      <trkpt lat="49.621021" lon="0.769952">
        <ele>195.1</ele>
        <time>2026-10-08T15:24:41+00:00</time>
      </trkpt>
      <trkpt lat="49.621021" lon="0.769952">
        <ele>195.1</ele>
        <time>2026-10-08T15:24:46+00:00</time>
      </trkpt>
      <trkpt lat="49.621021" lon="0.769952">
        <ele>195.1</ele>
        <time>2026-10-08T15:24:50+00:00</time>
      </trkpt>
      <trkpt lat="49.621021" lon="0.769952">
        <ele>195.1</ele>
        <time>2026-10-08T15:24:56+00:00</time>
      </trkpt>
      <trkpt lat="49.621021" lon="0.769952">
        <ele>195.1</ele>
        <time>2026-10-08T15:25:00+00:00</time>
      </trkpt>
      <trkpt lat="49.621021" lon="0.769952">
        <ele>195.1</ele>
        <time>2026-10-08T15:25:04+00:00</time>
      </trkpt>
      <trkpt lat="49.621021" lon="0.769952">
        <ele>195.1</ele>
        <time>2026-10-08T15:25:10+00:00</time>
      </trkpt>
      <trkpt lat="49.621021" lon="0.769952">
        <ele>195.1</ele>
        <time>2026-10-08T15:25:15+00:00</time>
      </trkpt>
      <trkpt lat="49.621021" lon="0.769952">
        <ele>195.1</ele>
        <time>2026-10-08T15:25:20+00:00</time>
      </trkpt>
      <trkpt lat="49.621021" lon="0.769952">
        <ele>195.1</ele>
        <time>2026-10-08T15:25:28+00:00</time>
      </trkpt>
      <trkpt lat="49.621021" lon="0.769952">
        <ele>195.1</ele>
        <time>2026-10-08T15:25:33+00:00</time>
      </trkpt>
      <trkpt lat="49.621021" lon="0.769952">
        <ele>195.1</ele>
        <time>2026-10-08T15:25:36+00:00</time>
      </trkpt>
      <trkpt lat="49.621021" lon="0.769952">
        <ele>195.1</ele>
        <time>2026-10-08T15:25:42+00:00</time>
      </trkpt>
      <trkpt lat="49.621021" lon="0.769952">
        <ele>195.1</ele>
        <time>2026-10-08T15:25:47+00:00</time>
      </trkpt>
      <trkpt lat="49.621021" lon="0.769952">
        <ele>195.1</ele>
        <time>2026-10-08T15:25:52+00:00</time>
      </trkpt>
      <trkpt lat="49.621021" lon="0.769952">
        <ele>195.1</ele>
        <time>2026-10-08T15:25:56+00:00</time>
      </trkpt>
      <trkpt lat="49.621021" lon="0.769952">
        <ele>195.1</ele>
        <time>2026-10-08T15:26:02+00:00</time>
      </trkpt>
      <trkpt lat="49.621021" lon="0.769952">
        <ele>195.1</ele>
        <time>2026-10-08T15:26:07+00:00</time>
      </trkpt>
      <trkpt lat="49.621021" lon="0.769952">
        <ele>195.1</ele>
        <time>2026-10-08T15:26:12+00:00</time>
      </trkpt>
      <trkpt lat="49.621021" lon="0.769952">
        <ele>195.1</ele>
        <time>2026-10-08T15:26:17+00:00</time>
      </trkpt>
      <trkpt lat="49.621021" lon="0.769952">
        <ele>195.1</ele>
        <time>2026-10-08T15:26:22+00:00</time>
      </trkpt>
      <trkpt lat="49.621021" lon="0.769952">
        <ele>195.1</ele>
        <time>2026-10-08T15:26:30+00:00</time>
      </trkpt>
      <trkpt lat="49.621021" lon="0.769952">
        <ele>195.1</ele>
        <time>2026-10-08T15:26:34+00:00</time>
      </trkpt>
      <trkpt lat="49.621006" lon="0.769927">
        <ele>192.7</ele>
        <time>2026-10-08T15:26:39+00:00</time>
      </trkpt>
      <trkpt lat="49.621006" lon="0.769927">
        <ele>192.7</ele>
        <time>2026-10-08T15:26:44+00:00</time>
      </trkpt>
      <trkpt lat="49.621006" lon="0.769927">
        <ele>192.7</ele>
        <time>2026-10-08T15:26:49+00:00</time>
      </trkpt>
      <trkpt lat="49.621014" lon="0.7699">
        <ele>194</ele>
        <time>2026-10-08T15:26:54+00:00</time>
      </trkpt>
      <trkpt lat="49.621014" lon="0.7699">
        <ele>194</ele>
        <time>2026-10-08T15:26:59+00:00</time>
      </trkpt>
      <trkpt lat="49.621014" lon="0.7699">
        <ele>194</ele>
        <time>2026-10-08T15:27:04+00:00</time>
      </trkpt>
      <trkpt lat="49.621002" lon="0.769901">
        <ele>195.3</ele>
        <time>2026-10-08T15:27:09+00:00</time>
      </trkpt>
      <trkpt lat="49.621002" lon="0.769901">
        <ele>195.3</ele>
        <time>2026-10-08T15:27:13+00:00</time>
      </trkpt>
      <trkpt lat="49.621002" lon="0.769901">
        <ele>195.3</ele>
        <time>2026-10-08T15:27:19+00:00</time>
      </trkpt>
      <trkpt lat="49.621002" lon="0.769901">
        <ele>195.3</ele>
        <time>2026-10-08T15:27:24+00:00</time>
      </trkpt>
      <trkpt lat="49.621002" lon="0.769901">
        <ele>195.3</ele>
        <time>2026-10-08T15:27:31+00:00</time>
      </trkpt>
      <trkpt lat="49.621002" lon="0.769901">
        <ele>195.3</ele>
        <time>2026-10-08T15:27:36+00:00</time>
      </trkpt>
      <trkpt lat="49.621002" lon="0.769901">
        <ele>195.3</ele>
        <time>2026-10-08T15:27:39+00:00</time>
      </trkpt>
      <trkpt lat="49.621002" lon="0.769901">
        <ele>195.3</ele>
        <time>2026-10-08T15:27:45+00:00</time>
      </trkpt>
      <trkpt lat="49.621002" lon="0.769901">
        <ele>195.3</ele>
        <time>2026-10-08T15:27:51+00:00</time>
      </trkpt>
      <trkpt lat="49.621002" lon="0.769901">
        <ele>195.3</ele>
        <time>2026-10-08T15:27:55+00:00</time>
      </trkpt>
      <trkpt lat="49.621002" lon="0.769901">
        <ele>195.3</ele>
        <time>2026-10-08T15:28:01+00:00</time>
      </trkpt>
      <trkpt lat="49.621002" lon="0.769901">
        <ele>195.3</ele>
        <time>2026-10-08T15:28:06+00:00</time>
      </trkpt>
      <trkpt lat="49.621002" lon="0.769901">
        <ele>195.3</ele>
        <time>2026-10-08T15:28:11+00:00</time>
      </trkpt>
      <trkpt lat="49.621002" lon="0.769901">
        <ele>195.3</ele>
        <time>2026-10-08T15:28:15+00:00</time>
      </trkpt>
      <trkpt lat="49.621002" lon="0.769901">
        <ele>195.3</ele>
        <time>2026-10-08T15:28:21+00:00</time>
      </trkpt>
      <trkpt lat="49.621002" lon="0.769901">
        <ele>195.3</ele>
        <time>2026-10-08T15:28:26+00:00</time>
      </trkpt>
      <trkpt lat="49.621002" lon="0.769901">
        <ele>195.3</ele>
        <time>2026-10-08T15:28:33+00:00</time>
      </trkpt>
      <trkpt lat="49.621002" lon="0.769901">
        <ele>195.3</ele>
        <time>2026-10-08T15:28:38+00:00</time>
      </trkpt>
      <trkpt lat="49.621002" lon="0.769901">
        <ele>195.3</ele>
        <time>2026-10-08T15:28:43+00:00</time>
      </trkpt>
      <trkpt lat="49.621002" lon="0.769901">
        <ele>195.3</ele>
        <time>2026-10-08T15:28:48+00:00</time>
      </trkpt>
      <trkpt lat="49.621002" lon="0.769901">
        <ele>195.3</ele>
        <time>2026-10-08T15:28:52+00:00</time>
      </trkpt>
      <trkpt lat="49.621002" lon="0.769901">
        <ele>195.3</ele>
        <time>2026-10-08T15:28:58+00:00</time>
      </trkpt>
      <trkpt lat="49.621002" lon="0.769901">
        <ele>195.3</ele>
        <time>2026-10-08T15:29:03+00:00</time>
      </trkpt>
      <trkpt lat="49.621002" lon="0.769901">
        <ele>195.3</ele>
        <time>2026-10-08T15:29:07+00:00</time>
      </trkpt>
      <trkpt lat="49.621002" lon="0.769901">
        <ele>195.3</ele>
        <time>2026-10-08T15:29:12+00:00</time>
      </trkpt>
      <trkpt lat="49.621002" lon="0.769901">
        <ele>195.3</ele>
        <time>2026-10-08T15:29:17+00:00</time>
      </trkpt>
      <trkpt lat="49.621002" lon="0.769901">
        <ele>195.3</ele>
        <time>2026-10-08T15:29:21+00:00</time>
      </trkpt>
      <trkpt lat="49.621002" lon="0.769901">
        <ele>195.3</ele>
        <time>2026-10-08T15:29:28+00:00</time>
      </trkpt>
      <trkpt lat="49.621002" lon="0.76984">
        <ele>195.4</ele>
        <time>2026-10-08T15:29:35+00:00</time>
      </trkpt>
      <trkpt lat="49.621063" lon="0.769802">
        <ele>195</ele>
        <time>2026-10-08T15:29:39+00:00</time>
      </trkpt>
      <trkpt lat="49.621121" lon="0.769911">
        <ele>194.9</ele>
        <time>2026-10-08T15:29:44+00:00</time>
      </trkpt>
      <trkpt lat="49.621223" lon="0.770142">
        <ele>192.1</ele>
        <time>2026-10-08T15:29:49+00:00</time>
      </trkpt>
      <trkpt lat="49.621281" lon="0.770277">
        <ele>190.5</ele>
        <time>2026-10-08T15:29:53+00:00</time>
      </trkpt>
      <trkpt lat="49.621414" lon="0.77064">
        <ele>188.8</ele>
        <time>2026-10-08T15:29:59+00:00</time>
      </trkpt>
      <trkpt lat="49.621548" lon="0.770984">
        <ele>189</ele>
        <time>2026-10-08T15:30:04+00:00</time>
      </trkpt>
      <trkpt lat="49.621643" lon="0.771227">
        <ele>191.3</ele>
        <time>2026-10-08T15:30:09+00:00</time>
      </trkpt>
      <trkpt lat="49.621681" lon="0.771351">
        <ele>191.1</ele>
        <time>2026-10-08T15:30:14+00:00</time>
      </trkpt>
      <trkpt lat="49.621578" lon="0.771576">
        <ele>190.6</ele>
        <time>2026-10-08T15:30:18+00:00</time>
      </trkpt>
      <trkpt lat="49.621243" lon="0.772052">
        <ele>188.1</ele>
        <time>2026-10-08T15:30:24+00:00</time>
      </trkpt>
      <trkpt lat="49.620964" lon="0.772481">
        <ele>187.9</ele>
        <time>2026-10-08T15:30:29+00:00</time>
      </trkpt>
      <trkpt lat="49.620709" lon="0.773028">
        <ele>189.1</ele>
        <time>2026-10-08T15:30:36+00:00</time>
      </trkpt>
      <trkpt lat="49.620697" lon="0.773297">
        <ele>187.6</ele>
        <time>2026-10-08T15:30:40+00:00</time>
      </trkpt>
      <trkpt lat="49.620773" lon="0.773484">
        <ele>187.9</ele>
        <time>2026-10-08T15:30:44+00:00</time>
      </trkpt>
      <trkpt lat="49.620785" lon="0.774">
        <ele>185.7</ele>
        <time>2026-10-08T15:30:50+00:00</time>
      </trkpt>
      <trkpt lat="49.620812" lon="0.774604">
        <ele>186.2</ele>
        <time>2026-10-08T15:30:56+00:00</time>
      </trkpt>
      <trkpt lat="49.620804" lon="0.77477">
        <ele>184.4</ele>
        <time>2026-10-08T15:31:01+00:00</time>
      </trkpt>
      <trkpt lat="49.620823" lon="0.775167">
        <ele>185.1</ele>
        <time>2026-10-08T15:31:06+00:00</time>
      </trkpt>
      <trkpt lat="49.62085" lon="0.775514">
        <ele>184.6</ele>
        <time>2026-10-08T15:31:10+00:00</time>
      </trkpt>
      <trkpt lat="49.620861" lon="0.776004">
        <ele>187.6</ele>
        <time>2026-10-08T15:31:16+00:00</time>
      </trkpt>
      <trkpt lat="49.620899" lon="0.776464">
        <ele>190.8</ele>
        <time>2026-10-08T15:31:21+00:00</time>
      </trkpt>
      <trkpt lat="49.620918" lon="0.776817">
        <ele>193.3</ele>
        <time>2026-10-08T15:31:26+00:00</time>
      </trkpt>
      <trkpt lat="49.620937" lon="0.77713">
        <ele>196.8</ele>
        <time>2026-10-08T15:31:31+00:00</time>
      </trkpt>
      <trkpt lat="49.620949" lon="0.777966">
        <ele>191.5</ele>
        <time>2026-10-08T15:31:38+00:00</time>
      </trkpt>
      <trkpt lat="49.620964" lon="0.778376">
        <ele>196.5</ele>
        <time>2026-10-08T15:31:42+00:00</time>
      </trkpt>
      <trkpt lat="49.620907" lon="0.778806">
        <ele>195.9</ele>
        <time>2026-10-08T15:31:48+00:00</time>
      </trkpt>
      <trkpt lat="49.621014" lon="0.779279">
        <ele>193.9</ele>
        <time>2026-10-08T15:31:53+00:00</time>
      </trkpt>
      <trkpt lat="49.62104" lon="0.779847">
        <ele>196.1</ele>
        <time>2026-10-08T15:31:58+00:00</time>
      </trkpt>
      <trkpt lat="49.62104" lon="0.780192">
        <ele>198.1</ele>
        <time>2026-10-08T15:32:01+00:00</time>
      </trkpt>
      <trkpt lat="49.621014" lon="0.780876">
        <ele>194.1</ele>
        <time>2026-10-08T15:32:08+00:00</time>
      </trkpt>
      <trkpt lat="49.621014" lon="0.781016">
        <ele>195.2</ele>
        <time>2026-10-08T15:32:13+00:00</time>
      </trkpt>
      <trkpt lat="49.621136" lon="0.781056">
        <ele>195.5</ele>
        <time>2026-10-08T15:32:17+00:00</time>
      </trkpt>
      <trkpt lat="49.62154" lon="0.78106">
        <ele>195.6</ele>
        <time>2026-10-08T15:32:21+00:00</time>
      </trkpt>
      <trkpt lat="49.62215" lon="0.781091">
        <ele>198.6</ele>
        <time>2026-10-08T15:32:27+00:00</time>
      </trkpt>
      <trkpt lat="49.622547" lon="0.781166">
        <ele>198.7</ele>
        <time>2026-10-08T15:32:32+00:00</time>
      </trkpt>
      <trkpt lat="49.622692" lon="0.781616">
        <ele>199.9</ele>
        <time>2026-10-08T15:32:40+00:00</time>
      </trkpt>
      <trkpt lat="49.622704" lon="0.782101">
        <ele>197.9</ele>
        <time>2026-10-08T15:32:44+00:00</time>
      </trkpt>
      <trkpt lat="49.622673" lon="0.782728">
        <ele>196</ele>
        <time>2026-10-08T15:32:49+00:00</time>
      </trkpt>
      <trkpt lat="49.622635" lon="0.783166">
        <ele>195.3</ele>
        <time>2026-10-08T15:32:53+00:00</time>
      </trkpt>
      <trkpt lat="49.622547" lon="0.783652">
        <ele>196.1</ele>
        <time>2026-10-08T15:32:59+00:00</time>
      </trkpt>
      <trkpt lat="49.622471" lon="0.784056">
        <ele>194.9</ele>
        <time>2026-10-08T15:33:04+00:00</time>
      </trkpt>
      <trkpt lat="49.622681" lon="0.784564">
        <ele>191.8</ele>
        <time>2026-10-08T15:33:09+00:00</time>
      </trkpt>
      <trkpt lat="49.622807" lon="0.785261">
        <ele>191.5</ele>
        <time>2026-10-08T15:33:14+00:00</time>
      </trkpt>
      <trkpt lat="49.622929" lon="0.78581">
        <ele>191.6</ele>
        <time>2026-10-08T15:33:18+00:00</time>
      </trkpt>
      <trkpt lat="49.623123" lon="0.786742">
        <ele>192.2</ele>
        <time>2026-10-08T15:33:25+00:00</time>
      </trkpt>
      <trkpt lat="49.623219" lon="0.787288">
        <ele>191.2</ele>
        <time>2026-10-08T15:33:29+00:00</time>
      </trkpt>
      <trkpt lat="49.623348" lon="0.787919">
        <ele>190.5</ele>
        <time>2026-10-08T15:33:34+00:00</time>
      </trkpt>
      <trkpt lat="49.623493" lon="0.788737">
        <ele>189.9</ele>
        <time>2026-10-08T15:33:42+00:00</time>
      </trkpt>
      <trkpt lat="49.623409" lon="0.788858">
        <ele>190.5</ele>
        <time>2026-10-08T15:33:46+00:00</time>
      </trkpt>
      <trkpt lat="49.62331" lon="0.788905">
        <ele>190.9</ele>
        <time>2026-10-08T15:33:50+00:00</time>
      </trkpt>
      <trkpt lat="49.623276" lon="0.788849">
        <ele>191</ele>
        <time>2026-10-08T15:33:57+00:00</time>
      </trkpt>
      <trkpt lat="49.623276" lon="0.788849">
        <ele>191</ele>
        <time>2026-10-08T15:34:01+00:00</time>
      </trkpt>
      <trkpt lat="49.623276" lon="0.788849">
        <ele>191</ele>
        <time>2026-10-08T15:34:06+00:00</time>
      </trkpt>
      <trkpt lat="49.623276" lon="0.788849">
        <ele>191</ele>
        <time>2026-10-08T15:34:10+00:00</time>
      </trkpt>
      <trkpt lat="49.623276" lon="0.788849">
        <ele>191</ele>
        <time>2026-10-08T15:34:16+00:00</time>
      </trkpt>
      <trkpt lat="49.623276" lon="0.788849">
        <ele>191</ele>
        <time>2026-10-08T15:34:22+00:00</time>
      </trkpt>
      <trkpt lat="49.623276" lon="0.788849">
        <ele>191</ele>
        <time>2026-10-08T15:34:27+00:00</time>
      </trkpt>
      <trkpt lat="49.623264" lon="0.788874">
        <ele>189.9</ele>
        <time>2026-10-08T15:34:31+00:00</time>
      </trkpt>
      <trkpt lat="49.623264" lon="0.788874">
        <ele>189.9</ele>
        <time>2026-10-08T15:34:36+00:00</time>
      </trkpt>
      <trkpt lat="49.623264" lon="0.788874">
        <ele>189.9</ele>
        <time>2026-10-08T15:34:44+00:00</time>
      </trkpt>
      <trkpt lat="49.623264" lon="0.788874">
        <ele>189.9</ele>
        <time>2026-10-08T15:34:48+00:00</time>
      </trkpt>
      <trkpt lat="49.623264" lon="0.788874">
        <ele>189.9</ele>
        <time>2026-10-08T15:34:54+00:00</time>
      </trkpt>
      <trkpt lat="49.623264" lon="0.788874">
        <ele>189.9</ele>
        <time>2026-10-08T15:34:58+00:00</time>
      </trkpt>
      <trkpt lat="49.623215" lon="0.788946">
        <ele>189.8</ele>
        <time>2026-10-08T15:35:03+00:00</time>
      </trkpt>
      <trkpt lat="49.623215" lon="0.788946">
        <ele>189.8</ele>
        <time>2026-10-08T15:35:08+00:00</time>
      </trkpt>
      <trkpt lat="49.623215" lon="0.788946">
        <ele>189.8</ele>
        <time>2026-10-08T15:35:13+00:00</time>
      </trkpt>
      <trkpt lat="49.623219" lon="0.788945">
        <ele>192</ele>
        <time>2026-10-08T15:35:18+00:00</time>
      </trkpt>
      <trkpt lat="49.623219" lon="0.788945">
        <ele>192</ele>
        <time>2026-10-08T15:35:23+00:00</time>
      </trkpt>
      <trkpt lat="49.623219" lon="0.788945">
        <ele>192</ele>
        <time>2026-10-08T15:35:27+00:00</time>
      </trkpt>
      <trkpt lat="49.623219" lon="0.788945">
        <ele>192</ele>
        <time>2026-10-08T15:35:33+00:00</time>
      </trkpt>
      <trkpt lat="49.623219" lon="0.788945">
        <ele>192</ele>
        <time>2026-10-08T15:35:38+00:00</time>
      </trkpt>
      <trkpt lat="49.623219" lon="0.788945">
        <ele>192</ele>
        <time>2026-10-08T15:35:45+00:00</time>
      </trkpt>
      <trkpt lat="49.623219" lon="0.788945">
        <ele>192</ele>
        <time>2026-10-08T15:35:50+00:00</time>
      </trkpt>
      <trkpt lat="49.6232" lon="0.788953">
        <ele>190.5</ele>
        <time>2026-10-08T15:35:55+00:00</time>
      </trkpt>
      <trkpt lat="49.6232" lon="0.788953">
        <ele>190.5</ele>
        <time>2026-10-08T15:35:59+00:00</time>
      </trkpt>
      <trkpt lat="49.6232" lon="0.788953">
        <ele>190.5</ele>
        <time>2026-10-08T15:36:05+00:00</time>
      </trkpt>
      <trkpt lat="49.623215" lon="0.78894">
        <ele>192.8</ele>
        <time>2026-10-08T15:36:10+00:00</time>
      </trkpt>
      <trkpt lat="49.623215" lon="0.78894">
        <ele>192.8</ele>
        <time>2026-10-08T15:36:14+00:00</time>
      </trkpt>
      <trkpt lat="49.623215" lon="0.78894">
        <ele>192.8</ele>
        <time>2026-10-08T15:36:20+00:00</time>
      </trkpt>
      <trkpt lat="49.623215" lon="0.78894">
        <ele>192.8</ele>
        <time>2026-10-08T15:36:24+00:00</time>
      </trkpt>
      <trkpt lat="49.623215" lon="0.788911">
        <ele>191.8</ele>
        <time>2026-10-08T15:36:30+00:00</time>
      </trkpt>
      <trkpt lat="49.623215" lon="0.788911">
        <ele>191.8</ele>
        <time>2026-10-08T15:36:35+00:00</time>
      </trkpt>
      <trkpt lat="49.623215" lon="0.788909">
        <ele>192.2</ele>
        <time>2026-10-08T15:36:40+00:00</time>
      </trkpt>
      <trkpt lat="49.623215" lon="0.788909">
        <ele>192.2</ele>
        <time>2026-10-08T15:36:47+00:00</time>
      </trkpt>
      <trkpt lat="49.623215" lon="0.788909">
        <ele>192.2</ele>
        <time>2026-10-08T15:36:52+00:00</time>
      </trkpt>
      <trkpt lat="49.623215" lon="0.788909">
        <ele>192.2</ele>
        <time>2026-10-08T15:36:56+00:00</time>
      </trkpt>
      <trkpt lat="49.623215" lon="0.788909">
        <ele>192.2</ele>
        <time>2026-10-08T15:37:01+00:00</time>
      </trkpt>
      <trkpt lat="49.623215" lon="0.788909">
        <ele>192.2</ele>
        <time>2026-10-08T15:37:07+00:00</time>
      </trkpt>
      <trkpt lat="49.623215" lon="0.788909">
        <ele>192.2</ele>
        <time>2026-10-08T15:37:11+00:00</time>
      </trkpt>
      <trkpt lat="49.623215" lon="0.788909">
        <ele>192.2</ele>
        <time>2026-10-08T15:37:15+00:00</time>
      </trkpt>
      <trkpt lat="49.623215" lon="0.788909">
        <ele>192.2</ele>
        <time>2026-10-08T15:37:22+00:00</time>
      </trkpt>
      <trkpt lat="49.623215" lon="0.788906">
        <ele>191.1</ele>
        <time>2026-10-08T15:37:26+00:00</time>
      </trkpt>
      <trkpt lat="49.623215" lon="0.788906">
        <ele>191.1</ele>
        <time>2026-10-08T15:37:32+00:00</time>
      </trkpt>
      <trkpt lat="49.623215" lon="0.788906">
        <ele>191.1</ele>
        <time>2026-10-08T15:37:35+00:00</time>
      </trkpt>
      <trkpt lat="49.623215" lon="0.788906">
        <ele>191.1</ele>
        <time>2026-10-08T15:37:41+00:00</time>
      </trkpt>
      <trkpt lat="49.623215" lon="0.788906">
        <ele>191.1</ele>
        <time>2026-10-08T15:37:49+00:00</time>
      </trkpt>
      <trkpt lat="49.623215" lon="0.788906">
        <ele>191.1</ele>
        <time>2026-10-08T15:37:53+00:00</time>
      </trkpt>
      <trkpt lat="49.623215" lon="0.788906">
        <ele>191.1</ele>
        <time>2026-10-08T15:37:59+00:00</time>
      </trkpt>
      <trkpt lat="49.623215" lon="0.788906">
        <ele>191.1</ele>
        <time>2026-10-08T15:38:03+00:00</time>
      </trkpt>
      <trkpt lat="49.623215" lon="0.788906">
        <ele>191.1</ele>
        <time>2026-10-08T15:38:08+00:00</time>
      </trkpt>
      <trkpt lat="49.623215" lon="0.788906">
        <ele>191.1</ele>
        <time>2026-10-08T15:38:13+00:00</time>
      </trkpt>
      <trkpt lat="49.623215" lon="0.788906">
        <ele>191.1</ele>
        <time>2026-10-08T15:38:19+00:00</time>
      </trkpt>
      <trkpt lat="49.623215" lon="0.788906">
        <ele>191.1</ele>
        <time>2026-10-08T15:38:23+00:00</time>
      </trkpt>
      <trkpt lat="49.623215" lon="0.788906">
        <ele>191.1</ele>
        <time>2026-10-08T15:38:28+00:00</time>
      </trkpt>
      <trkpt lat="49.623215" lon="0.788906">
        <ele>191.1</ele>
        <time>2026-10-08T15:38:32+00:00</time>
      </trkpt>
      <trkpt lat="49.623207" lon="0.788922">
        <ele>187.1</ele>
        <time>2026-10-08T15:38:38+00:00</time>
      </trkpt>
      <trkpt lat="49.623207" lon="0.788922">
        <ele>186.1</ele>
        <time>2026-10-08T15:38:43+00:00</time>
      </trkpt>
      <trkpt lat="49.623207" lon="0.788922">
        <ele>186.1</ele>
        <time>2026-10-08T15:38:50+00:00</time>
      </trkpt>
      <trkpt lat="49.623207" lon="0.788922">
        <ele>186.1</ele>
        <time>2026-10-08T15:38:55+00:00</time>
      </trkpt>
      <trkpt lat="49.623207" lon="0.788922">
        <ele>186.1</ele>
        <time>2026-10-08T15:39:00+00:00</time>
      </trkpt>
      <trkpt lat="49.623207" lon="0.788922">
        <ele>186.1</ele>
        <time>2026-10-08T15:39:04+00:00</time>
      </trkpt>
      <trkpt lat="49.623207" lon="0.788922">
        <ele>186.1</ele>
        <time>2026-10-08T15:39:10+00:00</time>
      </trkpt>
      <trkpt lat="49.623207" lon="0.788922">
        <ele>186.1</ele>
        <time>2026-10-08T15:39:15+00:00</time>
      </trkpt>
      <trkpt lat="49.623207" lon="0.788922">
        <ele>186.1</ele>
        <time>2026-10-08T15:39:20+00:00</time>
      </trkpt>
      <trkpt lat="49.623207" lon="0.788922">
        <ele>186.1</ele>
        <time>2026-10-08T15:39:25+00:00</time>
      </trkpt>
      <trkpt lat="49.623207" lon="0.788922">
        <ele>186.1</ele>
        <time>2026-10-08T15:39:29+00:00</time>
      </trkpt>
      <trkpt lat="49.623207" lon="0.788922">
        <ele>186.1</ele>
        <time>2026-10-08T15:39:34+00:00</time>
      </trkpt>
      <trkpt lat="49.623207" lon="0.788922">
        <ele>186.1</ele>
        <time>2026-10-08T15:39:40+00:00</time>
      </trkpt>
      <trkpt lat="49.623207" lon="0.788922">
        <ele>186.1</ele>
        <time>2026-10-08T15:39:45+00:00</time>
      </trkpt>
      <trkpt lat="49.623207" lon="0.788922">
        <ele>186.1</ele>
        <time>2026-10-08T15:39:52+00:00</time>
      </trkpt>
      <trkpt lat="49.623207" lon="0.788922">
        <ele>186.1</ele>
        <time>2026-10-08T15:39:57+00:00</time>
      </trkpt>
      <trkpt lat="49.623207" lon="0.788922">
        <ele>186.1</ele>
        <time>2026-10-08T15:40:01+00:00</time>
      </trkpt>
      <trkpt lat="49.623207" lon="0.788922">
        <ele>186.1</ele>
        <time>2026-10-08T15:40:07+00:00</time>
      </trkpt>
      <trkpt lat="49.623207" lon="0.788922">
        <ele>186.1</ele>
        <time>2026-10-08T15:40:12+00:00</time>
      </trkpt>
      <trkpt lat="49.623207" lon="0.788922">
        <ele>186.1</ele>
        <time>2026-10-08T15:40:17+00:00</time>
      </trkpt>
      <trkpt lat="49.623207" lon="0.788922">
        <ele>186.1</ele>
        <time>2026-10-08T15:40:22+00:00</time>
      </trkpt>
      <trkpt lat="49.623207" lon="0.788922">
        <ele>186.1</ele>
        <time>2026-10-08T15:40:26+00:00</time>
      </trkpt>
      <trkpt lat="49.623207" lon="0.788922">
        <ele>186.1</ele>
        <time>2026-10-08T15:40:32+00:00</time>
      </trkpt>
      <trkpt lat="49.623207" lon="0.788922">
        <ele>186.1</ele>
        <time>2026-10-08T15:40:37+00:00</time>
      </trkpt>
      <trkpt lat="49.623207" lon="0.788922">
        <ele>186.1</ele>
        <time>2026-10-08T15:40:42+00:00</time>
      </trkpt>
      <trkpt lat="49.623207" lon="0.788922">
        <ele>186.1</ele>
        <time>2026-10-08T15:40:47+00:00</time>
      </trkpt>
      <trkpt lat="49.623207" lon="0.788922">
        <ele>186.1</ele>
        <time>2026-10-08T15:40:55+00:00</time>
      </trkpt>
      <trkpt lat="49.623207" lon="0.788922">
        <ele>186.1</ele>
        <time>2026-10-08T15:40:58+00:00</time>
      </trkpt>
      <trkpt lat="49.623207" lon="0.788901">
        <ele>193.5</ele>
        <time>2026-10-08T15:41:04+00:00</time>
      </trkpt>
      <trkpt lat="49.623207" lon="0.788901">
        <ele>193.5</ele>
        <time>2026-10-08T15:41:09+00:00</time>
      </trkpt>
      <trkpt lat="49.623207" lon="0.788901">
        <ele>193.5</ele>
        <time>2026-10-08T15:41:14+00:00</time>
      </trkpt>
      <trkpt lat="49.623207" lon="0.788901">
        <ele>193.5</ele>
        <time>2026-10-08T15:41:19+00:00</time>
      </trkpt>
      <trkpt lat="49.623207" lon="0.788901">
        <ele>193.5</ele>
        <time>2026-10-08T15:41:23+00:00</time>
      </trkpt>
      <trkpt lat="49.6232" lon="0.788903">
        <ele>194.4</ele>
        <time>2026-10-08T15:41:29+00:00</time>
      </trkpt>
      <trkpt lat="49.6232" lon="0.788903">
        <ele>194.4</ele>
        <time>2026-10-08T15:41:34+00:00</time>
      </trkpt>
      <trkpt lat="49.6232" lon="0.788903">
        <ele>194.4</ele>
        <time>2026-10-08T15:41:39+00:00</time>
      </trkpt>
      <trkpt lat="49.6232" lon="0.788903">
        <ele>194.4</ele>
        <time>2026-10-08T15:41:45+00:00</time>
      </trkpt>
      <trkpt lat="49.6232" lon="0.788903">
        <ele>194.4</ele>
        <time>2026-10-08T15:41:49+00:00</time>
      </trkpt>
      <trkpt lat="49.6232" lon="0.788903">
        <ele>194.4</ele>
        <time>2026-10-08T15:41:55+00:00</time>
      </trkpt>
      <trkpt lat="49.6232" lon="0.788903">
        <ele>194.4</ele>
        <time>2026-10-08T15:42:00+00:00</time>
      </trkpt>
      <trkpt lat="49.6232" lon="0.788903">
        <ele>194.4</ele>
        <time>2026-10-08T15:42:05+00:00</time>
      </trkpt>
      <trkpt lat="49.6232" lon="0.788903">
        <ele>194.4</ele>
        <time>2026-10-08T15:42:11+00:00</time>
      </trkpt>
      <trkpt lat="49.6232" lon="0.788903">
        <ele>194.4</ele>
        <time>2026-10-08T15:42:16+00:00</time>
      </trkpt>
      <trkpt lat="49.6232" lon="0.788903">
        <ele>194.4</ele>
        <time>2026-10-08T15:42:20+00:00</time>
      </trkpt>
      <trkpt lat="49.6232" lon="0.788903">
        <ele>194.4</ele>
        <time>2026-10-08T15:42:26+00:00</time>
      </trkpt>
      <trkpt lat="49.6232" lon="0.788903">
        <ele>194.4</ele>
        <time>2026-10-08T15:42:30+00:00</time>
      </trkpt>
      <trkpt lat="49.6232" lon="0.788903">
        <ele>194.4</ele>
        <time>2026-10-08T15:42:36+00:00</time>
      </trkpt>
      <trkpt lat="49.6232" lon="0.788903">
        <ele>194.4</ele>
        <time>2026-10-08T15:42:41+00:00</time>
      </trkpt>
      <trkpt lat="49.6232" lon="0.788903">
        <ele>194.4</ele>
        <time>2026-10-08T15:42:46+00:00</time>
      </trkpt>
      <trkpt lat="49.6232" lon="0.788903">
        <ele>194.4</ele>
        <time>2026-10-08T15:42:51+00:00</time>
      </trkpt>
      <trkpt lat="49.623196" lon="0.788855">
        <ele>191</ele>
        <time>2026-10-08T15:42:58+00:00</time>
      </trkpt>
      <trkpt lat="49.623196" lon="0.788855">
        <ele>191</ele>
        <time>2026-10-08T15:43:03+00:00</time>
      </trkpt>
      <trkpt lat="49.623196" lon="0.788855">
        <ele>191</ele>
        <time>2026-10-08T15:43:08+00:00</time>
      </trkpt>
      <trkpt lat="49.623196" lon="0.788855">
        <ele>191</ele>
        <time>2026-10-08T15:43:13+00:00</time>
      </trkpt>
      <trkpt lat="49.623196" lon="0.788855">
        <ele>191</ele>
        <time>2026-10-08T15:43:18+00:00</time>
      </trkpt>
      <trkpt lat="49.623196" lon="0.788855">
        <ele>191</ele>
        <time>2026-10-08T15:43:23+00:00</time>
      </trkpt>
      <trkpt lat="49.623196" lon="0.788855">
        <ele>191</ele>
        <time>2026-10-08T15:43:28+00:00</time>
      </trkpt>
      <trkpt lat="49.623196" lon="0.788855">
        <ele>191</ele>
        <time>2026-10-08T15:43:33+00:00</time>
      </trkpt>
      <trkpt lat="49.623196" lon="0.788855">
        <ele>191</ele>
        <time>2026-10-08T15:43:37+00:00</time>
      </trkpt>
      <trkpt lat="49.623196" lon="0.788855">
        <ele>191</ele>
        <time>2026-10-08T15:43:42+00:00</time>
      </trkpt>
      <trkpt lat="49.623196" lon="0.788855">
        <ele>191</ele>
        <time>2026-10-08T15:43:48+00:00</time>
      </trkpt>
      <trkpt lat="49.623226" lon="0.788868">
        <ele>190</ele>
        <time>2026-10-08T15:43:53+00:00</time>
      </trkpt>
      <trkpt lat="49.623226" lon="0.788868">
        <ele>190</ele>
        <time>2026-10-08T15:44:00+00:00</time>
      </trkpt>
      <trkpt lat="49.623226" lon="0.788868">
        <ele>190</ele>
        <time>2026-10-08T15:44:05+00:00</time>
      </trkpt>
      <trkpt lat="49.623226" lon="0.788868">
        <ele>190</ele>
        <time>2026-10-08T15:44:09+00:00</time>
      </trkpt>
      <trkpt lat="49.623226" lon="0.788868">
        <ele>190</ele>
        <time>2026-10-08T15:44:15+00:00</time>
      </trkpt>
      <trkpt lat="49.623226" lon="0.788868">
        <ele>190</ele>
        <time>2026-10-08T15:44:20+00:00</time>
      </trkpt>
      <trkpt lat="49.623226" lon="0.788868">
        <ele>190</ele>
        <time>2026-10-08T15:44:25+00:00</time>
      </trkpt>
      <trkpt lat="49.623226" lon="0.788868">
        <ele>190</ele>
        <time>2026-10-08T15:44:30+00:00</time>
      </trkpt>
      <trkpt lat="49.623226" lon="0.788868">
        <ele>190</ele>
        <time>2026-10-08T15:44:34+00:00</time>
      </trkpt>
      <trkpt lat="49.623226" lon="0.788868">
        <ele>190</ele>
        <time>2026-10-08T15:44:40+00:00</time>
      </trkpt>
      <trkpt lat="49.623207" lon="0.788865">
        <ele>186.1</ele>
        <time>2026-10-08T15:44:45+00:00</time>
      </trkpt>
      <trkpt lat="49.623207" lon="0.788865">
        <ele>186.1</ele>
        <time>2026-10-08T15:44:50+00:00</time>
      </trkpt>
      <trkpt lat="49.623207" lon="0.788865">
        <ele>186.1</ele>
        <time>2026-10-08T15:44:55+00:00</time>
      </trkpt>
      <trkpt lat="49.623207" lon="0.788865">
        <ele>186.1</ele>
        <time>2026-10-08T15:45:02+00:00</time>
      </trkpt>
      <trkpt lat="49.6232" lon="0.788873">
        <ele>189.5</ele>
        <time>2026-10-08T15:45:07+00:00</time>
      </trkpt>
      <trkpt lat="49.6232" lon="0.788873">
        <ele>189.5</ele>
        <time>2026-10-08T15:45:11+00:00</time>
      </trkpt>
      <trkpt lat="49.6232" lon="0.788839">
        <ele>188</ele>
        <time>2026-10-08T15:45:16+00:00</time>
      </trkpt>
      <trkpt lat="49.6232" lon="0.788839">
        <ele>188</ele>
        <time>2026-10-08T15:45:22+00:00</time>
      </trkpt>
      <trkpt lat="49.623226" lon="0.788824">
        <ele>190.4</ele>
        <time>2026-10-08T15:45:26+00:00</time>
      </trkpt>
      <trkpt lat="49.623226" lon="0.788824">
        <ele>190.4</ele>
        <time>2026-10-08T15:45:30+00:00</time>
      </trkpt>
      <trkpt lat="49.623234" lon="0.788834">
        <ele>188.7</ele>
        <time>2026-10-08T15:45:36+00:00</time>
      </trkpt>
      <trkpt lat="49.623234" lon="0.788834">
        <ele>188.7</ele>
        <time>2026-10-08T15:45:42+00:00</time>
      </trkpt>
      <trkpt lat="49.623245" lon="0.788869">
        <ele>190.6</ele>
        <time>2026-10-08T15:45:47+00:00</time>
      </trkpt>
      <trkpt lat="49.623245" lon="0.788869">
        <ele>190.6</ele>
        <time>2026-10-08T15:45:51+00:00</time>
      </trkpt>
      <trkpt lat="49.623238" lon="0.788907">
        <ele>191.2</ele>
        <time>2026-10-08T15:45:57+00:00</time>
      </trkpt>
      <trkpt lat="49.623188" lon="0.788919">
        <ele>191.9</ele>
        <time>2026-10-08T15:46:04+00:00</time>
      </trkpt>
      <trkpt lat="49.623112" lon="0.788971">
        <ele>192.3</ele>
        <time>2026-10-08T15:46:08+00:00</time>
      </trkpt>
      <trkpt lat="49.622902" lon="0.789089">
        <ele>197.7</ele>
        <time>2026-10-08T15:46:14+00:00</time>
      </trkpt>
      <trkpt lat="49.622738" lon="0.789237">
        <ele>198.4</ele>
        <time>2026-10-08T15:46:18+00:00</time>
      </trkpt>
      <trkpt lat="49.62257" lon="0.789335">
        <ele>199.4</ele>
        <time>2026-10-08T15:46:23+00:00</time>
      </trkpt>
      <trkpt lat="49.622501" lon="0.789497">
        <ele>196.5</ele>
        <time>2026-10-08T15:46:28+00:00</time>
      </trkpt>
      <trkpt lat="49.622623" lon="0.789606">
        <ele>195.7</ele>
        <time>2026-10-08T15:46:32+00:00</time>
      </trkpt>
      <trkpt lat="49.622761" lon="0.789547">
        <ele>194.7</ele>
        <time>2026-10-08T15:46:38+00:00</time>
      </trkpt>
      <trkpt lat="49.62291" lon="0.78945">
        <ele>194.3</ele>
        <time>2026-10-08T15:46:43+00:00</time>
      </trkpt>
      <trkpt lat="49.62315" lon="0.789352">
        <ele>194</ele>
        <time>2026-10-08T15:46:48+00:00</time>
      </trkpt>
      <trkpt lat="49.62339" lon="0.789204">
        <ele>195.5</ele>
        <time>2026-10-08T15:46:53+00:00</time>
      </trkpt>
      <trkpt lat="49.62355" lon="0.789171">
        <ele>194.7</ele>
        <time>2026-10-08T15:46:58+00:00</time>
      </trkpt>
      <trkpt lat="49.623627" lon="0.789655">
        <ele>193.6</ele>
        <time>2026-10-08T15:47:05+00:00</time>
      </trkpt>
      <trkpt lat="49.623398" lon="0.789864">
        <ele>192.5</ele>
        <time>2026-10-08T15:47:09+00:00</time>
      </trkpt>
      <trkpt lat="49.622662" lon="0.790273">
        <ele>189.2</ele>
        <time>2026-10-08T15:47:15+00:00</time>
      </trkpt>
      <trkpt lat="49.621937" lon="0.790529">
        <ele>186.7</ele>
        <time>2026-10-08T15:47:20+00:00</time>
      </trkpt>
      <trkpt lat="49.62133" lon="0.790591">
        <ele>192.2</ele>
        <time>2026-10-08T15:47:25+00:00</time>
      </trkpt>
      <trkpt lat="49.620754" lon="0.790551">
        <ele>191.9</ele>
        <time>2026-10-08T15:47:30+00:00</time>
      </trkpt>
      <trkpt lat="49.620258" lon="0.790402">
        <ele>192.2</ele>
        <time>2026-10-08T15:47:34+00:00</time>
      </trkpt>
      <trkpt lat="49.619633" lon="0.790117">
        <ele>198.4</ele>
        <time>2026-10-08T15:47:40+00:00</time>
      </trkpt>
      <trkpt lat="49.61919" lon="0.789773">
        <ele>198.7</ele>
        <time>2026-10-08T15:47:45+00:00</time>
      </trkpt>
      <trkpt lat="49.618752" lon="0.789463">
        <ele>193.6</ele>
        <time>2026-10-08T15:47:50+00:00</time>
      </trkpt>
      <trkpt lat="49.618305" lon="0.7892">
        <ele>194.4</ele>
        <time>2026-10-08T15:47:55+00:00</time>
      </trkpt>
      <trkpt lat="49.618179" lon="0.789084">
        <ele>190.1</ele>
        <time>2026-10-08T15:47:59+00:00</time>
      </trkpt>
      <trkpt lat="49.617573" lon="0.788516">
        <ele>183.5</ele>
        <time>2026-10-08T15:48:07+00:00</time>
      </trkpt>
      <trkpt lat="49.617104" lon="0.788069">
        <ele>177.2</ele>
        <time>2026-10-08T15:48:11+00:00</time>
      </trkpt>
      <trkpt lat="49.616482" lon="0.787193">
        <ele>180.8</ele>
        <time>2026-10-08T15:48:17+00:00</time>
      </trkpt>
      <trkpt lat="49.615986" lon="0.786501">
        <ele>179.3</ele>
        <time>2026-10-08T15:48:22+00:00</time>
      </trkpt>
      <trkpt lat="49.615578" lon="0.785787">
        <ele>172.6</ele>
        <time>2026-10-08T15:48:27+00:00</time>
      </trkpt>
      <trkpt lat="49.615398" lon="0.785508">
        <ele>171.7</ele>
        <time>2026-10-08T15:48:30+00:00</time>
      </trkpt>
      <trkpt lat="49.615151" lon="0.784977">
        <ele>168.8</ele>
        <time>2026-10-08T15:48:36+00:00</time>
      </trkpt>
      <trkpt lat="49.614777" lon="0.784392">
        <ele>176.3</ele>
        <time>2026-10-08T15:48:42+00:00</time>
      </trkpt>
      <trkpt lat="49.61451" lon="0.78386">
        <ele>179.1</ele>
        <time>2026-10-08T15:48:47+00:00</time>
      </trkpt>
      <trkpt lat="49.614159" lon="0.783156">
        <ele>176.5</ele>
        <time>2026-10-08T15:48:52+00:00</time>
      </trkpt>
      <trkpt lat="49.613678" lon="0.782388">
        <ele>178.4</ele>
        <time>2026-10-08T15:48:57+00:00</time>
      </trkpt>
      <trkpt lat="49.613346" lon="0.781823">
        <ele>179.5</ele>
        <time>2026-10-08T15:49:01+00:00</time>
      </trkpt>
      <trkpt lat="49.612782" lon="0.7808">
        <ele>181.5</ele>
        <time>2026-10-08T15:49:09+00:00</time>
      </trkpt>
      <trkpt lat="49.612553" lon="0.780363">
        <ele>185.7</ele>
        <time>2026-10-08T15:49:13+00:00</time>
      </trkpt>
      <trkpt lat="49.61224" lon="0.779743">
        <ele>185.3</ele>
        <time>2026-10-08T15:49:18+00:00</time>
      </trkpt>
      <trkpt lat="49.611889" lon="0.779156">
        <ele>182.2</ele>
        <time>2026-10-08T15:49:23+00:00</time>
      </trkpt>
      <trkpt lat="49.611889" lon="0.778864">
        <ele>182.9</ele>
        <time>2026-10-08T15:49:28+00:00</time>
      </trkpt>
      <trkpt lat="49.611733" lon="0.778337">
        <ele>185.3</ele>
        <time>2026-10-08T15:49:34+00:00</time>
      </trkpt>
      <trkpt lat="49.611584" lon="0.778025">
        <ele>183.1</ele>
        <time>2026-10-08T15:49:38+00:00</time>
      </trkpt>
      <trkpt lat="49.611706" lon="0.77779">
        <ele>185.8</ele>
        <time>2026-10-08T15:49:43+00:00</time>
      </trkpt>
      <trkpt lat="49.61208" lon="0.777338">
        <ele>181.5</ele>
        <time>2026-10-08T15:49:49+00:00</time>
      </trkpt>
      <trkpt lat="49.612278" lon="0.777134">
        <ele>186</ele>
        <time>2026-10-08T15:49:53+00:00</time>
      </trkpt>
      <trkpt lat="49.612495" lon="0.77684">
        <ele>184.7</ele>
        <time>2026-10-08T15:49:59+00:00</time>
      </trkpt>
      <trkpt lat="49.612564" lon="0.776648">
        <ele>182.3</ele>
        <time>2026-10-08T15:50:03+00:00</time>
      </trkpt>
      <trkpt lat="49.612755" lon="0.776621">
        <ele>182.1</ele>
        <time>2026-10-08T15:50:10+00:00</time>
      </trkpt>
      <trkpt lat="49.612755" lon="0.776621">
        <ele>182.1</ele>
        <time>2026-10-08T15:50:15+00:00</time>
      </trkpt>
      <trkpt lat="49.612755" lon="0.776621">
        <ele>182.1</ele>
        <time>2026-10-08T15:50:21+00:00</time>
      </trkpt>
      <trkpt lat="49.612743" lon="0.776578">
        <ele>184.5</ele>
        <time>2026-10-08T15:50:25+00:00</time>
      </trkpt>
      <trkpt lat="49.612743" lon="0.776578">
        <ele>184.5</ele>
        <time>2026-10-08T15:50:30+00:00</time>
      </trkpt>
      <trkpt lat="49.612743" lon="0.776578">
        <ele>184.5</ele>
        <time>2026-10-08T15:50:35+00:00</time>
      </trkpt>
      <trkpt lat="49.612743" lon="0.776578">
        <ele>184.5</ele>
        <time>2026-10-08T15:50:40+00:00</time>
      </trkpt>
      <trkpt lat="49.612743" lon="0.776578">
        <ele>184.5</ele>
        <time>2026-10-08T15:50:46+00:00</time>
      </trkpt>
      <trkpt lat="49.612743" lon="0.776578">
        <ele>184.5</ele>
        <time>2026-10-08T15:50:50+00:00</time>
      </trkpt>
      <trkpt lat="49.612743" lon="0.776578">
        <ele>184.5</ele>
        <time>2026-10-08T15:50:54+00:00</time>
      </trkpt>
      <trkpt lat="49.612743" lon="0.776578">
        <ele>184.5</ele>
        <time>2026-10-08T15:51:00+00:00</time>
      </trkpt>
      <trkpt lat="49.612743" lon="0.776578">
        <ele>184.5</ele>
        <time>2026-10-08T15:51:05+00:00</time>
      </trkpt>
      <trkpt lat="49.612915" lon="0.776487">
        <ele>220.9</ele>
        <time>2026-10-08T15:51:27+00:00</time>
      </trkpt>
      <trkpt lat="49.6129" lon="0.776509">
        <ele>205.4</ele>
        <time>2026-10-08T15:51:30+00:00</time>
      </trkpt>
      <trkpt lat="49.612888" lon="0.77657">
        <ele>200.2</ele>
        <time>2026-10-08T15:51:36+00:00</time>
      </trkpt>
      <trkpt lat="49.612839" lon="0.776579">
        <ele>196.9</ele>
        <time>2026-10-08T15:51:41+00:00</time>
      </trkpt>
      <trkpt lat="49.612785" lon="0.776581">
        <ele>193.1</ele>
        <time>2026-10-08T15:51:45+00:00</time>
      </trkpt>
      <trkpt lat="49.612824" lon="0.776518">
        <ele>189.9</ele>
        <time>2026-10-08T15:51:50+00:00</time>
      </trkpt>
      <trkpt lat="49.61311" lon="0.775993">
        <ele>194.5</ele>
        <time>2026-10-08T15:51:58+00:00</time>
      </trkpt>
      <trkpt lat="49.613136" lon="0.775905">
        <ele>193.2</ele>
        <time>2026-10-08T15:52:00+00:00</time>
      </trkpt>
      <trkpt lat="49.613163" lon="0.775832">
        <ele>191.2</ele>
        <time>2026-10-08T15:52:05+00:00</time>
      </trkpt>
      <trkpt lat="49.613308" lon="0.775566">
        <ele>191.3</ele>
        <time>2026-10-08T15:52:08+00:00</time>
      </trkpt>
      <trkpt lat="49.613678" lon="0.775008">
        <ele>190.9</ele>
        <time>2026-10-08T15:52:12+00:00</time>
      </trkpt>
      <trkpt lat="49.614136" lon="0.774006">
        <ele>195.7</ele>
        <time>2026-10-08T15:52:24+00:00</time>
      </trkpt>
      <trkpt lat="49.614193" lon="0.774007">
        <ele>194.4</ele>
        <time>2026-10-08T15:52:28+00:00</time>
      </trkpt>
      <trkpt lat="49.614479" lon="0.774255">
        <ele>190.7</ele>
        <time>2026-10-08T15:52:33+00:00</time>
      </trkpt>
      <trkpt lat="49.615845" lon="0.775546">
        <ele>191.3</ele>
        <time>2026-10-08T15:52:46+00:00</time>
      </trkpt>
      <trkpt lat="49.615871" lon="0.775639">
        <ele>191.4</ele>
        <time>2026-10-08T15:52:50+00:00</time>
      </trkpt>
      <trkpt lat="49.615875" lon="0.775773">
        <ele>192.8</ele>
        <time>2026-10-08T15:52:54+00:00</time>
      </trkpt>
      <trkpt lat="49.616093" lon="0.776">
        <ele>193.4</ele>
        <time>2026-10-08T15:53:00+00:00</time>
      </trkpt>
      <trkpt lat="49.61636" lon="0.776136">
        <ele>197.3</ele>
        <time>2026-10-08T15:53:05+00:00</time>
      </trkpt>
      <trkpt lat="49.616425" lon="0.776108">
        <ele>197.5</ele>
        <time>2026-10-08T15:53:07+00:00</time>
      </trkpt>
      <trkpt lat="49.616512" lon="0.775961">
        <ele>195.7</ele>
        <time>2026-10-08T15:53:13+00:00</time>
      </trkpt>
      <trkpt lat="49.616589" lon="0.775828">
        <ele>192.6</ele>
        <time>2026-10-08T15:53:44+00:00</time>
      </trkpt>
      <trkpt lat="49.616589" lon="0.775893">
        <ele>191.6</ele>
        <time>2026-10-08T15:54:13+00:00</time>
      </trkpt>
      <trkpt lat="49.616512" lon="0.775902">
        <ele>191.7</ele>
        <time>2026-10-08T15:54:43+00:00</time>
      </trkpt>
      <trkpt lat="49.616474" lon="0.775904">
        <ele>186.6</ele>
        <time>2026-10-08T15:55:13+00:00</time>
      </trkpt>
      <trkpt lat="49.616524" lon="0.775898">
        <ele>190.2</ele>
        <time>2026-10-08T15:55:43+00:00</time>
      </trkpt>
      <trkpt lat="49.616539" lon="0.775836">
        <ele>188</ele>
        <time>2026-10-08T15:56:13+00:00</time>
      </trkpt>
      <trkpt lat="49.616558" lon="0.775862">
        <ele>187.8</ele>
        <time>2026-10-08T15:56:43+00:00</time>
      </trkpt>
      <trkpt lat="49.616562" lon="0.775822">
        <ele>189.4</ele>
        <time>2026-10-08T15:57:13+00:00</time>
      </trkpt>
      <trkpt lat="49.616562" lon="0.775841">
        <ele>187.4</ele>
        <time>2026-10-08T15:57:43+00:00</time>
      </trkpt>
      <trkpt lat="49.616562" lon="0.775841">
        <ele>187.4</ele>
        <time>2026-10-08T15:58:13+00:00</time>
      </trkpt>
      <trkpt lat="49.616562" lon="0.775841">
        <ele>187.4</ele>
        <time>2026-10-08T15:58:43+00:00</time>
      </trkpt>
      <trkpt lat="49.616558" lon="0.775865">
        <ele>186.1</ele>
        <time>2026-10-08T15:59:13+00:00</time>
      </trkpt>
      <trkpt lat="49.616558" lon="0.775858">
        <ele>187.2</ele>
        <time>2026-10-08T15:59:43+00:00</time>
      </trkpt>
    </trkseg>
  </trk>
  <trk>
    <name><![CDATA[OsmAnd 2026-10-08 18]]></name>
    <trkseg>
      <trkpt lat="49.616619" lon="0.775792">
        <ele>190.2</ele>
        <time>2026-10-08T16:00:13+00:00</time>
      </trkpt>
      <trkpt lat="49.616619" lon="0.775792">
        <ele>190.2</ele>
        <time>2026-10-08T16:00:43+00:00</time>
      </trkpt>
      <trkpt lat="49.616676" lon="0.775793">
        <ele>191.9</ele>
        <time>2026-10-08T16:01:13+00:00</time>
      </trkpt>
      <trkpt lat="49.616676" lon="0.775751">
        <ele>193.6</ele>
        <time>2026-10-08T16:01:43+00:00</time>
      </trkpt>
      <trkpt lat="49.616653" lon="0.775737">
        <ele>193.5</ele>
        <time>2026-10-08T16:02:13+00:00</time>
      </trkpt>
      <trkpt lat="49.616615" lon="0.775792">
        <ele>190.2</ele>
        <time>2026-10-08T16:02:43+00:00</time>
      </trkpt>
      <trkpt lat="49.616619" lon="0.775798">
        <ele>189.5</ele>
        <time>2026-10-08T16:03:13+00:00</time>
      </trkpt>
      <trkpt lat="49.616619" lon="0.775798">
        <ele>189.5</ele>
        <time>2026-10-08T16:03:44+00:00</time>
      </trkpt>
      <trkpt lat="49.616619" lon="0.775798">
        <ele>189.5</ele>
        <time>2026-10-08T16:04:14+00:00</time>
      </trkpt>
      <trkpt lat="49.616619" lon="0.775798">
        <ele>189.5</ele>
        <time>2026-10-08T16:04:43+00:00</time>
      </trkpt>
      <trkpt lat="49.616577" lon="0.775851">
        <ele>189.4</ele>
        <time>2026-10-08T16:05:16+00:00</time>
      </trkpt>
      <trkpt lat="49.616589" lon="0.775834">
        <ele>186.7</ele>
        <time>2026-10-08T16:05:46+00:00</time>
      </trkpt>
      <trkpt lat="49.616589" lon="0.775834">
        <ele>186.7</ele>
        <time>2026-10-08T16:06:18+00:00</time>
      </trkpt>
      <trkpt lat="49.616531" lon="0.775811">
        <ele>183.2</ele>
        <time>2026-10-08T16:06:47+00:00</time>
      </trkpt>
      <trkpt lat="49.616539" lon="0.775802">
        <ele>185.1</ele>
        <time>2026-10-08T16:07:20+00:00</time>
      </trkpt>
      <trkpt lat="49.616539" lon="0.775802">
        <ele>185.1</ele>
        <time>2026-10-08T16:07:50+00:00</time>
      </trkpt>
      <trkpt lat="49.616539" lon="0.775802">
        <ele>185.1</ele>
        <time>2026-10-08T16:08:22+00:00</time>
      </trkpt>
      <trkpt lat="49.616539" lon="0.775802">
        <ele>185.1</ele>
        <time>2026-10-08T16:08:52+00:00</time>
      </trkpt>
      <trkpt lat="49.616539" lon="0.775802">
        <ele>185.1</ele>
        <time>2026-10-08T16:09:25+00:00</time>
      </trkpt>
      <trkpt lat="49.616539" lon="0.775802">
        <ele>185.1</ele>
        <time>2026-10-08T16:09:54+00:00</time>
      </trkpt>
      <trkpt lat="49.616539" lon="0.775802">
        <ele>185.1</ele>
        <time>2026-10-08T16:10:27+00:00</time>
      </trkpt>
      <trkpt lat="49.616539" lon="0.775802">
        <ele>185.1</ele>
        <time>2026-10-08T16:10:56+00:00</time>
      </trkpt>
      <trkpt lat="49.616589" lon="0.775782">
        <ele>186.6</ele>
        <time>2026-10-08T16:11:29+00:00</time>
      </trkpt>
      <trkpt lat="49.616589" lon="0.775782">
        <ele>186.6</ele>
        <time>2026-10-08T16:11:59+00:00</time>
      </trkpt>
      <trkpt lat="49.616589" lon="0.775782">
        <ele>186.6</ele>
        <time>2026-10-08T16:12:31+00:00</time>
      </trkpt>
      <trkpt lat="49.616589" lon="0.775782">
        <ele>186.6</ele>
        <time>2026-10-08T16:13:00+00:00</time>
      </trkpt>
      <trkpt lat="49.616589" lon="0.775782">
        <ele>186.6</ele>
        <time>2026-10-08T16:13:32+00:00</time>
      </trkpt>
      <trkpt lat="49.616589" lon="0.775782">
        <ele>186.6</ele>
        <time>2026-10-08T16:14:03+00:00</time>
      </trkpt>
      <trkpt lat="49.616589" lon="0.775782">
        <ele>186.6</ele>
        <time>2026-10-08T16:14:36+00:00</time>
      </trkpt>
      <trkpt lat="49.616589" lon="0.775782">
        <ele>186.6</ele>
        <time>2026-10-08T16:15:04+00:00</time>
      </trkpt>
      <trkpt lat="49.616589" lon="0.775782">
        <ele>186.6</ele>
        <time>2026-10-08T16:15:38+00:00</time>
      </trkpt>
      <trkpt lat="49.616589" lon="0.775782">
        <ele>186.6</ele>
        <time>2026-10-08T16:16:06+00:00</time>
      </trkpt>
      <trkpt lat="49.616589" lon="0.775782">
        <ele>186.6</ele>
        <time>2026-10-08T16:16:40+00:00</time>
      </trkpt>
      <trkpt lat="49.616589" lon="0.77585">
        <ele>179.3</ele>
        <time>2026-10-08T16:17:10+00:00</time>
      </trkpt>
      <trkpt lat="49.616589" lon="0.77585">
        <ele>179.3</ele>
        <time>2026-10-08T16:17:42+00:00</time>
      </trkpt>
      <trkpt lat="49.616577" lon="0.775859">
        <ele>179.5</ele>
        <time>2026-10-08T16:18:12+00:00</time>
      </trkpt>
      <trkpt lat="49.616577" lon="0.775859">
        <ele>179.5</ele>
        <time>2026-10-08T16:18:44+00:00</time>
      </trkpt>
      <trkpt lat="49.616577" lon="0.775859">
        <ele>179.5</ele>
        <time>2026-10-08T16:19:14+00:00</time>
      </trkpt>
      <trkpt lat="49.616581" lon="0.77583">
        <ele>175</ele>
        <time>2026-10-08T16:19:47+00:00</time>
      </trkpt>
      <trkpt lat="49.616558" lon="0.775822">
        <ele>175.7</ele>
        <time>2026-10-08T16:20:16+00:00</time>
      </trkpt>
      <trkpt lat="49.616531" lon="0.775857">
        <ele>174.6</ele>
        <time>2026-10-08T16:20:49+00:00</time>
      </trkpt>
      <trkpt lat="49.61652" lon="0.775858">
        <ele>174.2</ele>
        <time>2026-10-08T16:21:19+00:00</time>
      </trkpt>
      <trkpt lat="49.61652" lon="0.775858">
        <ele>174.2</ele>
        <time>2026-10-08T16:21:51+00:00</time>
      </trkpt>
      <trkpt lat="49.616524" lon="0.775919">
        <ele>180.7</ele>
        <time>2026-10-08T16:22:21+00:00</time>
      </trkpt>
      <trkpt lat="49.616531" lon="0.775926">
        <ele>182.3</ele>
        <time>2026-10-08T16:22:52+00:00</time>
      </trkpt>
      <trkpt lat="49.616531" lon="0.775926">
        <ele>182.3</ele>
        <time>2026-10-08T16:23:23+00:00</time>
      </trkpt>
      <trkpt lat="49.616539" lon="0.775924">
        <ele>183.5</ele>
        <time>2026-10-08T16:23:55+00:00</time>
      </trkpt>
      <trkpt lat="49.616539" lon="0.775924">
        <ele>183.5</ele>
        <time>2026-10-08T16:24:23+00:00</time>
      </trkpt>
      <trkpt lat="49.616539" lon="0.775924">
        <ele>183.5</ele>
        <time>2026-10-08T16:24:58+00:00</time>
      </trkpt>
      <trkpt lat="49.616539" lon="0.775924">
        <ele>183.5</ele>
        <time>2026-10-08T16:25:27+00:00</time>
      </trkpt>
      <trkpt lat="49.616539" lon="0.775924">
        <ele>183.5</ele>
        <time>2026-10-08T16:26:00+00:00</time>
      </trkpt>
      <trkpt lat="49.616531" lon="0.775868">
        <ele>181.8</ele>
        <time>2026-10-08T16:26:29+00:00</time>
      </trkpt>
      <trkpt lat="49.616524" lon="0.775859">
        <ele>183.6</ele>
        <time>2026-10-08T16:27:02+00:00</time>
      </trkpt>
      <trkpt lat="49.616524" lon="0.775859">
        <ele>183.6</ele>
        <time>2026-10-08T16:27:32+00:00</time>
      </trkpt>
      <trkpt lat="49.616524" lon="0.775859">
        <ele>183.6</ele>
        <time>2026-10-08T16:28:04+00:00</time>
      </trkpt>
      <trkpt lat="49.616558" lon="0.775877">
        <ele>179.8</ele>
        <time>2026-10-08T16:28:34+00:00</time>
      </trkpt>
      <trkpt lat="49.616615" lon="0.775865">
        <ele>180.7</ele>
        <time>2026-10-08T16:29:06+00:00</time>
      </trkpt>
      <trkpt lat="49.616619" lon="0.775892">
        <ele>181.6</ele>
        <time>2026-10-08T16:29:36+00:00</time>
      </trkpt>
      <trkpt lat="49.61657" lon="0.775883">
        <ele>182.2</ele>
        <time>2026-10-08T16:30:08+00:00</time>
      </trkpt>
      <trkpt lat="49.616558" lon="0.77585">
        <ele>186.9</ele>
        <time>2026-10-08T16:30:38+00:00</time>
      </trkpt>
      <trkpt lat="49.616558" lon="0.77585">
        <ele>186.9</ele>
        <time>2026-10-08T16:31:11+00:00</time>
      </trkpt>
      <trkpt lat="49.616558" lon="0.77585">
        <ele>186.9</ele>
        <time>2026-10-08T16:31:40+00:00</time>
      </trkpt>
      <trkpt lat="49.616558" lon="0.77585">
        <ele>186.9</ele>
        <time>2026-10-08T16:32:12+00:00</time>
      </trkpt>
      <trkpt lat="49.616558" lon="0.77585">
        <ele>186.9</ele>
        <time>2026-10-08T16:32:43+00:00</time>
      </trkpt>
      <trkpt lat="49.616558" lon="0.77585">
        <ele>186.9</ele>
        <time>2026-10-08T16:33:14+00:00</time>
      </trkpt>
      <trkpt lat="49.616558" lon="0.77585">
        <ele>186.9</ele>
        <time>2026-10-08T16:33:45+00:00</time>
      </trkpt>
      <trkpt lat="49.6166" lon="0.775915">
        <ele>194</ele>
        <time>2026-10-08T16:34:17+00:00</time>
      </trkpt>
      <trkpt lat="49.6166" lon="0.775915">
        <ele>194</ele>
        <time>2026-10-08T16:34:46+00:00</time>
      </trkpt>
      <trkpt lat="49.616589" lon="0.77591">
        <ele>194.7</ele>
        <time>2026-10-08T16:35:19+00:00</time>
      </trkpt>
      <trkpt lat="49.616615" lon="0.77593">
        <ele>197.2</ele>
        <time>2026-10-08T16:35:49+00:00</time>
      </trkpt>
      <trkpt lat="49.616615" lon="0.77593">
        <ele>197.2</ele>
        <time>2026-10-08T16:36:22+00:00</time>
      </trkpt>
      <trkpt lat="49.616615" lon="0.77593">
        <ele>197.2</ele>
        <time>2026-10-08T16:36:51+00:00</time>
      </trkpt>
      <trkpt lat="49.616615" lon="0.77593">
        <ele>197.2</ele>
        <time>2026-10-08T16:37:24+00:00</time>
      </trkpt>
      <trkpt lat="49.616615" lon="0.77593">
        <ele>197.2</ele>
        <time>2026-10-08T16:37:52+00:00</time>
      </trkpt>
      <trkpt lat="49.616615" lon="0.77593">
        <ele>197.2</ele>
        <time>2026-10-08T16:38:26+00:00</time>
      </trkpt>
      <trkpt lat="49.616615" lon="0.77593">
        <ele>197.2</ele>
        <time>2026-10-08T16:38:55+00:00</time>
      </trkpt>
      <trkpt lat="49.616615" lon="0.77593">
        <ele>197.2</ele>
        <time>2026-10-08T16:39:28+00:00</time>
      </trkpt>
      <trkpt lat="49.616577" lon="0.775893">
        <ele>196.5</ele>
        <time>2026-10-08T16:39:57+00:00</time>
      </trkpt>
      <trkpt lat="49.616577" lon="0.775877">
        <ele>195.4</ele>
        <time>2026-10-08T16:40:30+00:00</time>
      </trkpt>
      <trkpt lat="49.61657" lon="0.775875">
        <ele>190.9</ele>
        <time>2026-10-08T16:40:59+00:00</time>
      </trkpt>
      <trkpt lat="49.61657" lon="0.775875">
        <ele>190.9</ele>
        <time>2026-10-08T16:41:32+00:00</time>
      </trkpt>
      <trkpt lat="49.616589" lon="0.775903">
        <ele>190.2</ele>
        <time>2026-10-08T16:42:02+00:00</time>
      </trkpt>
      <trkpt lat="49.616577" lon="0.775925">
        <ele>190.2</ele>
        <time>2026-10-08T16:42:34+00:00</time>
      </trkpt>
      <trkpt lat="49.616543" lon="0.775873">
        <ele>187</ele>
        <time>2026-10-08T16:43:05+00:00</time>
      </trkpt>
      <trkpt lat="49.616543" lon="0.775916">
        <ele>187.7</ele>
        <time>2026-10-08T16:43:37+00:00</time>
      </trkpt>
      <trkpt lat="49.616543" lon="0.775902">
        <ele>187.4</ele>
        <time>2026-10-08T16:44:06+00:00</time>
      </trkpt>
      <trkpt lat="49.616543" lon="0.775902">
        <ele>187.4</ele>
        <time>2026-10-08T16:44:40+00:00</time>
      </trkpt>
      <trkpt lat="49.616543" lon="0.775902">
        <ele>187.4</ele>
        <time>2026-10-08T16:45:09+00:00</time>
      </trkpt>
      <trkpt lat="49.616543" lon="0.775902">
        <ele>187.4</ele>
        <time>2026-10-08T16:45:42+00:00</time>
      </trkpt>
      <trkpt lat="49.616543" lon="0.775902">
        <ele>187.4</ele>
        <time>2026-10-08T16:46:12+00:00</time>
      </trkpt>
      <trkpt lat="49.616543" lon="0.775902">
        <ele>187.4</ele>
        <time>2026-10-08T16:46:44+00:00</time>
      </trkpt>
      <trkpt lat="49.616589" lon="0.775867">
        <ele>193.5</ele>
        <time>2026-10-08T16:47:14+00:00</time>
      </trkpt>
      <trkpt lat="49.616589" lon="0.775867">
        <ele>193.5</ele>
        <time>2026-10-08T16:47:46+00:00</time>
      </trkpt>
      <trkpt lat="49.6166" lon="0.775879">
        <ele>193.8</ele>
        <time>2026-10-08T16:48:16+00:00</time>
      </trkpt>
      <trkpt lat="49.616596" lon="0.775887">
        <ele>193.5</ele>
        <time>2026-10-08T16:48:47+00:00</time>
      </trkpt>
      <trkpt lat="49.616596" lon="0.775887">
        <ele>193.5</ele>
        <time>2026-10-08T16:49:18+00:00</time>
      </trkpt>
      <trkpt lat="49.616615" lon="0.775821">
        <ele>192.6</ele>
        <time>2026-10-08T16:49:50+00:00</time>
      </trkpt>
      <trkpt lat="49.616615" lon="0.775821">
        <ele>192.6</ele>
        <time>2026-10-08T16:50:20+00:00</time>
      </trkpt>
      <trkpt lat="49.616615" lon="0.775821">
        <ele>192.6</ele>
        <time>2026-10-08T16:50:53+00:00</time>
      </trkpt>
      <trkpt lat="49.616615" lon="0.775821">
        <ele>192.6</ele>
        <time>2026-10-08T16:51:23+00:00</time>
      </trkpt>
      <trkpt lat="49.616615" lon="0.775821">
        <ele>192.6</ele>
        <time>2026-10-08T16:51:55+00:00</time>
      </trkpt>
      <trkpt lat="49.616615" lon="0.775821">
        <ele>192.6</ele>
        <time>2026-10-08T16:52:23+00:00</time>
      </trkpt>
      <trkpt lat="49.616615" lon="0.775821">
        <ele>192.6</ele>
        <time>2026-10-08T16:52:57+00:00</time>
      </trkpt>
      <trkpt lat="49.616615" lon="0.775821">
        <ele>192.6</ele>
        <time>2026-10-08T16:53:26+00:00</time>
      </trkpt>
      <trkpt lat="49.616596" lon="0.775862">
        <ele>194.2</ele>
        <time>2026-10-08T16:53:58+00:00</time>
      </trkpt>
      <trkpt lat="49.616615" lon="0.775863">
        <ele>192.3</ele>
        <time>2026-10-08T16:54:29+00:00</time>
      </trkpt>
      <trkpt lat="49.616615" lon="0.775863">
        <ele>192.3</ele>
        <time>2026-10-08T16:55:01+00:00</time>
      </trkpt>
      <trkpt lat="49.616581" lon="0.775898">
        <ele>187.4</ele>
        <time>2026-10-08T16:55:32+00:00</time>
      </trkpt>
      <trkpt lat="49.616581" lon="0.775898">
        <ele>187.4</ele>
        <time>2026-10-08T16:56:04+00:00</time>
      </trkpt>
      <trkpt lat="49.616581" lon="0.775898">
        <ele>187.4</ele>
        <time>2026-10-08T16:56:34+00:00</time>
      </trkpt>
      <trkpt lat="49.616581" lon="0.775898">
        <ele>187.4</ele>
        <time>2026-10-08T16:57:06+00:00</time>
      </trkpt>
      <trkpt lat="49.616581" lon="0.775837">
        <ele>192.2</ele>
        <time>2026-10-08T16:57:36+00:00</time>
      </trkpt>
      <trkpt lat="49.616581" lon="0.775837">
        <ele>192.2</ele>
        <time>2026-10-08T16:58:08+00:00</time>
      </trkpt>
      <trkpt lat="49.61657" lon="0.775829">
        <ele>188.9</ele>
        <time>2026-10-08T16:58:38+00:00</time>
      </trkpt>
      <trkpt lat="49.61657" lon="0.775861">
        <ele>189.7</ele>
        <time>2026-10-08T16:59:10+00:00</time>
      </trkpt>
      <trkpt lat="49.61657" lon="0.775861">
        <ele>189.7</ele>
        <time>2026-10-08T16:59:39+00:00</time>
      </trkpt>
    </trkseg>
  </trk>
  <trk>
    <name><![CDATA[OsmAnd 2026-10-08 19]]></name>
    <trkseg>
      <trkpt lat="49.616619" lon="0.775897">
        <ele>195.2</ele>
        <time>2026-10-08T17:00:13+00:00</time>
      </trkpt>
      <trkpt lat="49.6166" lon="0.775858">
        <ele>196.7</ele>
        <time>2026-10-08T17:00:42+00:00</time>
      </trkpt>
      <trkpt lat="49.616615" lon="0.775869">
        <ele>197.5</ele>
        <time>2026-10-08T17:01:14+00:00</time>
      </trkpt>
      <trkpt lat="49.616615" lon="0.775869">
        <ele>197.5</ele>
        <time>2026-10-08T17:01:45+00:00</time>
      </trkpt>
      <trkpt lat="49.616615" lon="0.775869">
        <ele>197.5</ele>
        <time>2026-10-08T17:02:17+00:00</time>
      </trkpt>
      <trkpt lat="49.616615" lon="0.775869">
        <ele>197.5</ele>
        <time>2026-10-08T17:02:46+00:00</time>
      </trkpt>
      <trkpt lat="49.61657" lon="0.775877">
        <ele>192.4</ele>
        <time>2026-10-08T17:03:19+00:00</time>
      </trkpt>
      <trkpt lat="49.61657" lon="0.775877">
        <ele>192.4</ele>
        <time>2026-10-08T17:03:49+00:00</time>
      </trkpt>
      <trkpt lat="49.61657" lon="0.775877">
        <ele>192.4</ele>
        <time>2026-10-08T17:04:21+00:00</time>
      </trkpt>
      <trkpt lat="49.6166" lon="0.775869">
        <ele>190.2</ele>
        <time>2026-10-08T17:04:50+00:00</time>
      </trkpt>
      <trkpt lat="49.6166" lon="0.775869">
        <ele>190.2</ele>
        <time>2026-10-08T17:05:23+00:00</time>
      </trkpt>
      <trkpt lat="49.6166" lon="0.775869">
        <ele>190.2</ele>
        <time>2026-10-08T17:05:52+00:00</time>
      </trkpt>
      <trkpt lat="49.6166" lon="0.775869">
        <ele>190.2</ele>
        <time>2026-10-08T17:06:25+00:00</time>
      </trkpt>
      <trkpt lat="49.6166" lon="0.775869">
        <ele>190.2</ele>
        <time>2026-10-08T17:06:55+00:00</time>
      </trkpt>
      <trkpt lat="49.6166" lon="0.775869">
        <ele>190.2</ele>
        <time>2026-10-08T17:07:28+00:00</time>
      </trkpt>
      <trkpt lat="49.6166" lon="0.775869">
        <ele>190.2</ele>
        <time>2026-10-08T17:07:58+00:00</time>
      </trkpt>
      <trkpt lat="49.6166" lon="0.775869">
        <ele>190.2</ele>
        <time>2026-10-08T17:08:30+00:00</time>
      </trkpt>
      <trkpt lat="49.6166" lon="0.775869">
        <ele>190.2</ele>
        <time>2026-10-08T17:08:59+00:00</time>
      </trkpt>
      <trkpt lat="49.6166" lon="0.775869">
        <ele>190.2</ele>
        <time>2026-10-08T17:09:32+00:00</time>
      </trkpt>
      <trkpt lat="49.6166" lon="0.775869">
        <ele>190.2</ele>
        <time>2026-10-08T17:10:01+00:00</time>
      </trkpt>
      <trkpt lat="49.6166" lon="0.775869">
        <ele>190.2</ele>
        <time>2026-10-08T17:10:34+00:00</time>
      </trkpt>
      <trkpt lat="49.6166" lon="0.775869">
        <ele>190.2</ele>
        <time>2026-10-08T17:11:04+00:00</time>
      </trkpt>
      <trkpt lat="49.6166" lon="0.775869">
        <ele>190.2</ele>
        <time>2026-10-08T17:11:37+00:00</time>
      </trkpt>
      <trkpt lat="49.6166" lon="0.775869">
        <ele>190.2</ele>
        <time>2026-10-08T17:12:06+00:00</time>
      </trkpt>
      <trkpt lat="49.6166" lon="0.775869">
        <ele>190.2</ele>
        <time>2026-10-08T17:12:39+00:00</time>
      </trkpt>
      <trkpt lat="49.61657" lon="0.775846">
        <ele>194.3</ele>
        <time>2026-10-08T17:13:08+00:00</time>
      </trkpt>
      <trkpt lat="49.61657" lon="0.775846">
        <ele>194.3</ele>
        <time>2026-10-08T17:13:41+00:00</time>
      </trkpt>
      <trkpt lat="49.61657" lon="0.775846">
        <ele>194.3</ele>
        <time>2026-10-08T17:14:10+00:00</time>
      </trkpt>
      <trkpt lat="49.61657" lon="0.775846">
        <ele>194.3</ele>
        <time>2026-10-08T17:14:43+00:00</time>
      </trkpt>
      <trkpt lat="49.61657" lon="0.775846">
        <ele>194.3</ele>
        <time>2026-10-08T17:15:13+00:00</time>
      </trkpt>
      <trkpt lat="49.61657" lon="0.775846">
        <ele>194.3</ele>
        <time>2026-10-08T17:15:44+00:00</time>
      </trkpt>
      <trkpt lat="49.61657" lon="0.775846">
        <ele>194.3</ele>
        <time>2026-10-08T17:16:15+00:00</time>
      </trkpt>
      <trkpt lat="49.616589" lon="0.775864">
        <ele>195.6</ele>
        <time>2026-10-08T17:16:47+00:00</time>
      </trkpt>
      <trkpt lat="49.616627" lon="0.775853">
        <ele>197.8</ele>
        <time>2026-10-08T17:17:17+00:00</time>
      </trkpt>
      <trkpt lat="49.616627" lon="0.775853">
        <ele>197.8</ele>
        <time>2026-10-08T17:17:49+00:00</time>
      </trkpt>
      <trkpt lat="49.616627" lon="0.775853">
        <ele>197.8</ele>
        <time>2026-10-08T17:18:20+00:00</time>
      </trkpt>
      <trkpt lat="49.616627" lon="0.775853">
        <ele>197.8</ele>
        <time>2026-10-08T17:18:52+00:00</time>
      </trkpt>
      <trkpt lat="49.616627" lon="0.775853">
        <ele>197.8</ele>
        <time>2026-10-08T17:19:04+00:00</time>
      </trkpt>
      <trkpt lat="49.616646" lon="0.775917">
        <ele>193.9</ele>
        <time>2026-10-08T17:19:09+00:00</time>
      </trkpt>
      <trkpt lat="49.616634" lon="0.775946">
        <ele>193.9</ele>
        <time>2026-10-08T17:19:14+00:00</time>
      </trkpt>
      <trkpt lat="49.616581" lon="0.775967">
        <ele>193.7</ele>
        <time>2026-10-08T17:19:17+00:00</time>
      </trkpt>
      <trkpt lat="49.616463" lon="0.77607">
        <ele>193.6</ele>
        <time>2026-10-08T17:19:22+00:00</time>
      </trkpt>
      <trkpt lat="49.616257" lon="0.775964">
        <ele>194</ele>
        <time>2026-10-08T17:19:27+00:00</time>
      </trkpt>
      <trkpt lat="49.616112" lon="0.775823">
        <ele>196.7</ele>
        <time>2026-10-08T17:19:31+00:00</time>
      </trkpt>
      <trkpt lat="49.615948" lon="0.775692">
        <ele>197.6</ele>
        <time>2026-10-08T17:19:36+00:00</time>
      </trkpt>
      <trkpt lat="49.615959" lon="0.775608">
        <ele>199.7</ele>
        <time>2026-10-08T17:19:40+00:00</time>
      </trkpt>
      <trkpt lat="49.615959" lon="0.775608">
        <ele>198.1</ele>
        <time>2026-10-08T17:19:45+00:00</time>
      </trkpt>
      <trkpt lat="49.615902" lon="0.775448">
        <ele>199.3</ele>
        <time>2026-10-08T17:19:49+00:00</time>
      </trkpt>
      <trkpt lat="49.615608" lon="0.775317">
        <ele>197.7</ele>
        <time>2026-10-08T17:19:54+00:00</time>
      </trkpt>
      <trkpt lat="49.615227" lon="0.774986">
        <ele>199.7</ele>
        <time>2026-10-08T17:19:59+00:00</time>
      </trkpt>
      <trkpt lat="49.614845" lon="0.774608">
        <ele>196.8</ele>
        <time>2026-10-08T17:20:04+00:00</time>
      </trkpt>
      <trkpt lat="49.614594" lon="0.77428">
        <ele>193</ele>
        <time>2026-10-08T17:20:08+00:00</time>
      </trkpt>
      <trkpt lat="49.614414" lon="0.774026">
        <ele>190.1</ele>
        <time>2026-10-08T17:20:12+00:00</time>
      </trkpt>
      <trkpt lat="49.613735" lon="0.773197">
        <ele>183.5</ele>
        <time>2026-10-08T17:20:23+00:00</time>
      </trkpt>
      <trkpt lat="49.613575" lon="0.772893">
        <ele>183.8</ele>
        <time>2026-10-08T17:20:28+00:00</time>
      </trkpt>
      <trkpt lat="49.613384" lon="0.773025">
        <ele>186.5</ele>
        <time>2026-10-08T17:20:32+00:00</time>
      </trkpt>
      <trkpt lat="49.613052" lon="0.773492">
        <ele>184.5</ele>
        <time>2026-10-08T17:20:38+00:00</time>
      </trkpt>
      <trkpt lat="49.612412" lon="0.774304">
        <ele>181.4</ele>
        <time>2026-10-08T17:20:49+00:00</time>
      </trkpt>
      <trkpt lat="49.612095" lon="0.774526">
        <ele>182</ele>
        <time>2026-10-08T17:20:56+00:00</time>
      </trkpt>
      <trkpt lat="49.612125" lon="0.774796">
        <ele>182.5</ele>
        <time>2026-10-08T17:20:59+00:00</time>
      </trkpt>
      <trkpt lat="49.612404" lon="0.775009">
        <ele>181.3</ele>
        <time>2026-10-08T17:21:04+00:00</time>
      </trkpt>
      <trkpt lat="49.612381" lon="0.7753">
        <ele>181.2</ele>
        <time>2026-10-08T17:21:09+00:00</time>
      </trkpt>
      <trkpt lat="49.612297" lon="0.775371">
        <ele>181.6</ele>
        <time>2026-10-08T17:21:14+00:00</time>
      </trkpt>
      <trkpt lat="49.612305" lon="0.775374">
        <ele>187.6</ele>
        <time>2026-10-08T17:21:44+00:00</time>
      </trkpt>
      <trkpt lat="49.612278" lon="0.77541">
        <ele>189.1</ele>
        <time>2026-10-08T17:22:13+00:00</time>
      </trkpt>
      <trkpt lat="49.612328" lon="0.775361">
        <ele>179</ele>
        <time>2026-10-08T17:22:44+00:00</time>
      </trkpt>
      <trkpt lat="49.612328" lon="0.775361">
        <ele>179</ele>
        <time>2026-10-08T17:23:14+00:00</time>
      </trkpt>
      <trkpt lat="49.612289" lon="0.775355">
        <ele>177.7</ele>
        <time>2026-10-08T17:23:44+00:00</time>
      </trkpt>
      <trkpt lat="49.612259" lon="0.775368">
        <ele>177.3</ele>
        <time>2026-10-08T17:24:14+00:00</time>
      </trkpt>
      <trkpt lat="49.612267" lon="0.775375">
        <ele>175.4</ele>
        <time>2026-10-08T17:24:44+00:00</time>
      </trkpt>
      <trkpt lat="49.612114" lon="0.775656">
        <ele>179.6</ele>
        <time>2026-10-08T17:25:05+00:00</time>
      </trkpt>
      <trkpt lat="49.612106" lon="0.775934">
        <ele>181.6</ele>
        <time>2026-10-08T17:25:09+00:00</time>
      </trkpt>
      <trkpt lat="49.61224" lon="0.776136">
        <ele>180</ele>
        <time>2026-10-08T17:25:13+00:00</time>
      </trkpt>
      <trkpt lat="49.612469" lon="0.776055">
        <ele>182.8</ele>
        <time>2026-10-08T17:25:18+00:00</time>
      </trkpt>
      <trkpt lat="49.612671" lon="0.775757">
        <ele>188.3</ele>
        <time>2026-10-08T17:25:23+00:00</time>
      </trkpt>
      <trkpt lat="49.61269" lon="0.775507">
        <ele>191.5</ele>
        <time>2026-10-08T17:25:28+00:00</time>
      </trkpt>
      <trkpt lat="49.612629" lon="0.77534">
        <ele>190.5</ele>
        <time>2026-10-08T17:25:31+00:00</time>
      </trkpt>
      <trkpt lat="49.612419" lon="0.774935">
        <ele>189.7</ele>
        <time>2026-10-08T17:25:36+00:00</time>
      </trkpt>
      <trkpt lat="49.612335" lon="0.774607">
        <ele>187.2</ele>
        <time>2026-10-08T17:25:41+00:00</time>
      </trkpt>
      <trkpt lat="49.612099" lon="0.774574">
        <ele>183.4</ele>
        <time>2026-10-08T17:25:46+00:00</time>
      </trkpt>
      <trkpt lat="49.611908" lon="0.77498">
        <ele>180.7</ele>
        <time>2026-10-08T17:25:50+00:00</time>
      </trkpt>
      <trkpt lat="49.611488" lon="0.775515">
        <ele>184</ele>
        <time>2026-10-08T17:25:56+00:00</time>
      </trkpt>
      <trkpt lat="49.611248" lon="0.775635">
        <ele>184</ele>
        <time>2026-10-08T17:26:02+00:00</time>
      </trkpt>
      <trkpt lat="49.611038" lon="0.774961">
        <ele>179.8</ele>
        <time>2026-10-08T17:26:08+00:00</time>
      </trkpt>
      <trkpt lat="49.610916" lon="0.774389">
        <ele>176.3</ele>
        <time>2026-10-08T17:26:11+00:00</time>
      </trkpt>
      <trkpt lat="49.610714" lon="0.773566">
        <ele>178.7</ele>
        <time>2026-10-08T17:26:15+00:00</time>
      </trkpt>
      <trkpt lat="49.608158" lon="0.768811">
        <ele>173.6</ele>
        <time>2026-10-08T17:26:45+00:00</time>
      </trkpt>
      <trkpt lat="49.608006" lon="0.768301">
        <ele>177.4</ele>
        <time>2026-10-08T17:26:51+00:00</time>
      </trkpt>
      <trkpt lat="49.608109" lon="0.768133">
        <ele>179.6</ele>
        <time>2026-10-08T17:26:53+00:00</time>
      </trkpt>
      <trkpt lat="49.608379" lon="0.767853">
        <ele>180.8</ele>
        <time>2026-10-08T17:26:57+00:00</time>
      </trkpt>
      <trkpt lat="49.608509" lon="0.767607">
        <ele>181.9</ele>
        <time>2026-10-08T17:27:02+00:00</time>
      </trkpt>
      <trkpt lat="49.608387" lon="0.767414">
        <ele>179.6</ele>
        <time>2026-10-08T17:27:05+00:00</time>
      </trkpt>
      <trkpt lat="49.608196" lon="0.7673">
        <ele>179.5</ele>
        <time>2026-10-08T17:27:09+00:00</time>
      </trkpt>
      <trkpt lat="49.608051" lon="0.767164">
        <ele>181.9</ele>
        <time>2026-10-08T17:27:13+00:00</time>
      </trkpt>
      <trkpt lat="49.608017" lon="0.767076">
        <ele>181.5</ele>
        <time>2026-10-08T17:27:18+00:00</time>
      </trkpt>
      <trkpt lat="49.608017" lon="0.767076">
        <ele>181.5</ele>
        <time>2026-10-08T17:27:49+00:00</time>
      </trkpt>
      <trkpt lat="49.608025" lon="0.767113">
        <ele>182.4</ele>
        <time>2026-10-08T17:28:17+00:00</time>
      </trkpt>
      <trkpt lat="49.608032" lon="0.76712">
        <ele>187.7</ele>
        <time>2026-10-08T17:28:49+00:00</time>
      </trkpt>
      <trkpt lat="49.608006" lon="0.767115">
        <ele>188.4</ele>
        <time>2026-10-08T17:29:17+00:00</time>
      </trkpt>
      <trkpt lat="49.608006" lon="0.767115">
        <ele>188.4</ele>
        <time>2026-10-08T17:29:48+00:00</time>
      </trkpt>
      <trkpt lat="49.608006" lon="0.767144">
        <ele>182.6</ele>
        <time>2026-10-08T17:30:18+00:00</time>
      </trkpt>
      <trkpt lat="49.608036" lon="0.767139">
        <ele>178.8</ele>
        <time>2026-10-08T17:30:48+00:00</time>
      </trkpt>
      <trkpt lat="49.60807" lon="0.767114">
        <ele>177.3</ele>
        <time>2026-10-08T17:31:18+00:00</time>
      </trkpt>
      <trkpt lat="49.608036" lon="0.767115">
        <ele>177.4</ele>
        <time>2026-10-08T17:31:48+00:00</time>
      </trkpt>
      <trkpt lat="49.608036" lon="0.767134">
        <ele>177.8</ele>
        <time>2026-10-08T17:32:18+00:00</time>
      </trkpt>
      <trkpt lat="49.608013" lon="0.767158">
        <ele>179.8</ele>
        <time>2026-10-08T17:32:48+00:00</time>
      </trkpt>
      <trkpt lat="49.608013" lon="0.767158">
        <ele>179.8</ele>
        <time>2026-10-08T17:33:18+00:00</time>
      </trkpt>
      <trkpt lat="49.608013" lon="0.767158">
        <ele>179.8</ele>
        <time>2026-10-08T17:33:48+00:00</time>
      </trkpt>
      <trkpt lat="49.608013" lon="0.767158">
        <ele>179.8</ele>
        <time>2026-10-08T17:34:18+00:00</time>
      </trkpt>
      <trkpt lat="49.608044" lon="0.76715">
        <ele>179.1</ele>
        <time>2026-10-08T17:34:48+00:00</time>
      </trkpt>
      <trkpt lat="49.608055" lon="0.767168">
        <ele>179.6</ele>
        <time>2026-10-08T17:35:17+00:00</time>
      </trkpt>
      <trkpt lat="49.608025" lon="0.767148">
        <ele>175.6</ele>
        <time>2026-10-08T17:35:49+00:00</time>
      </trkpt>
      <trkpt lat="49.608025" lon="0.767148">
        <ele>175.6</ele>
        <time>2026-10-08T17:36:18+00:00</time>
      </trkpt>
      <trkpt lat="49.608036" lon="0.767137">
        <ele>176.7</ele>
        <time>2026-10-08T17:36:49+00:00</time>
      </trkpt>
      <trkpt lat="49.608051" lon="0.767073">
        <ele>178.7</ele>
        <time>2026-10-08T17:36:54+00:00</time>
      </trkpt>
      <trkpt lat="49.608139" lon="0.76709">
        <ele>180.3</ele>
        <time>2026-10-08T17:36:59+00:00</time>
      </trkpt>
      <trkpt lat="49.608196" lon="0.767191">
        <ele>182.6</ele>
        <time>2026-10-08T17:37:02+00:00</time>
      </trkpt>
      <trkpt lat="49.608475" lon="0.76762">
        <ele>189.5</ele>
        <time>2026-10-08T17:37:24+00:00</time>
      </trkpt>
      <trkpt lat="49.608566" lon="0.767641">
        <ele>189.3</ele>
        <time>2026-10-08T17:37:29+00:00</time>
      </trkpt>
      <trkpt lat="49.608814" lon="0.767276">
        <ele>187.5</ele>
        <time>2026-10-08T17:37:34+00:00</time>
      </trkpt>
      <trkpt lat="49.609158" lon="0.766768">
        <ele>188.7</ele>
        <time>2026-10-08T17:37:40+00:00</time>
      </trkpt>
      <trkpt lat="49.609264" lon="0.76658">
        <ele>189.3</ele>
        <time>2026-10-08T17:37:42+00:00</time>
      </trkpt>
      <trkpt lat="49.609558" lon="0.766055">
        <ele>186.7</ele>
        <time>2026-10-08T17:37:47+00:00</time>
      </trkpt>
      <trkpt lat="49.609749" lon="0.765691">
        <ele>188.4</ele>
        <time>2026-10-08T17:37:51+00:00</time>
      </trkpt>
      <trkpt lat="49.610104" lon="0.765103">
        <ele>186.3</ele>
        <time>2026-10-08T17:37:57+00:00</time>
      </trkpt>
      <trkpt lat="49.610485" lon="0.764456">
        <ele>185.5</ele>
        <time>2026-10-08T17:38:11+00:00</time>
      </trkpt>
      <trkpt lat="49.610687" lon="0.76409">
        <ele>182.8</ele>
        <time>2026-10-08T17:38:15+00:00</time>
      </trkpt>
      <trkpt lat="49.610989" lon="0.763734">
        <ele>180.7</ele>
        <time>2026-10-08T17:38:19+00:00</time>
      </trkpt>
      <trkpt lat="49.61208" lon="0.762352">
        <ele>175.3</ele>
        <time>2026-10-08T17:38:40+00:00</time>
      </trkpt>
      <trkpt lat="49.612442" lon="0.761809">
        <ele>170.5</ele>
        <time>2026-10-08T17:38:47+00:00</time>
      </trkpt>
      <trkpt lat="49.612507" lon="0.761645">
        <ele>168.8</ele>
        <time>2026-10-08T17:38:51+00:00</time>
      </trkpt>
      <trkpt lat="49.612499" lon="0.761597">
        <ele>168.6</ele>
        <time>2026-10-08T17:38:54+00:00</time>
      </trkpt>
      <trkpt lat="49.612804" lon="0.760657">
        <ele>176</ele>
        <time>2026-10-08T17:39:02+00:00</time>
      </trkpt>
      <trkpt lat="49.61311" lon="0.759965">
        <ele>180.9</ele>
        <time>2026-10-08T17:39:07+00:00</time>
      </trkpt>
      <trkpt lat="49.613346" lon="0.759382">
        <ele>182.7</ele>
        <time>2026-10-08T17:39:12+00:00</time>
      </trkpt>
      <trkpt lat="49.613701" lon="0.7586">
        <ele>188.4</ele>
        <time>2026-10-08T17:39:20+00:00</time>
      </trkpt>
      <trkpt lat="49.613983" lon="0.758169">
        <ele>189.5</ele>
        <time>2026-10-08T17:39:25+00:00</time>
      </trkpt>
      <trkpt lat="49.614212" lon="0.757696">
        <ele>188.3</ele>
        <time>2026-10-08T17:39:30+00:00</time>
      </trkpt>
      <trkpt lat="49.61433" lon="0.757438">
        <ele>187</ele>
        <time>2026-10-08T17:39:38+00:00</time>
      </trkpt>
      <trkpt lat="49.614319" lon="0.757285">
        <ele>187.8</ele>
        <time>2026-10-08T17:39:42+00:00</time>
      </trkpt>
      <trkpt lat="49.614193" lon="0.757131">
        <ele>184</ele>
        <time>2026-10-08T17:39:46+00:00</time>
      </trkpt>
      <trkpt lat="49.613873" lon="0.756833">
        <ele>181.5</ele>
        <time>2026-10-08T17:39:52+00:00</time>
      </trkpt>
      <trkpt lat="49.61348" lon="0.756406">
        <ele>176.1</ele>
        <time>2026-10-08T17:39:57+00:00</time>
      </trkpt>
      <trkpt lat="49.613277" lon="0.756231">
        <ele>174.8</ele>
        <time>2026-10-08T17:40:00+00:00</time>
      </trkpt>
      <trkpt lat="49.6129" lon="0.755945">
        <ele>179.7</ele>
        <time>2026-10-08T17:40:05+00:00</time>
      </trkpt>
      <trkpt lat="49.612724" lon="0.755798">
        <ele>179.2</ele>
        <time>2026-10-08T17:40:10+00:00</time>
      </trkpt>
      <trkpt lat="49.612724" lon="0.755659">
        <ele>181.8</ele>
        <time>2026-10-08T17:40:14+00:00</time>
      </trkpt>
      <trkpt lat="49.612919" lon="0.75527">
        <ele>183</ele>
        <time>2026-10-08T17:40:19+00:00</time>
      </trkpt>
      <trkpt lat="49.613049" lon="0.755045">
        <ele>183.1</ele>
        <time>2026-10-08T17:40:23+00:00</time>
      </trkpt>
      <trkpt lat="49.613144" lon="0.754829">
        <ele>185.8</ele>
        <time>2026-10-08T17:40:27+00:00</time>
      </trkpt>
      <trkpt lat="49.613606" lon="0.753972">
        <ele>185.2</ele>
        <time>2026-10-08T17:40:38+00:00</time>
      </trkpt>
      <trkpt lat="49.613758" lon="0.753765">
        <ele>183.4</ele>
        <time>2026-10-08T17:40:44+00:00</time>
      </trkpt>
      <trkpt lat="49.613918" lon="0.753553">
        <ele>182.3</ele>
        <time>2026-10-08T17:40:47+00:00</time>
      </trkpt>
      <trkpt lat="49.614376" lon="0.752951">
        <ele>176</ele>
        <time>2026-10-08T17:40:53+00:00</time>
      </trkpt>
      <trkpt lat="49.614815" lon="0.752225">
        <ele>178.7</ele>
        <time>2026-10-08T17:41:03+00:00</time>
      </trkpt>
      <trkpt lat="49.614842" lon="0.752284">
        <ele>176</ele>
        <time>2026-10-08T17:41:08+00:00</time>
      </trkpt>
      <trkpt lat="49.614903" lon="0.752574">
        <ele>178.3</ele>
        <time>2026-10-08T17:41:11+00:00</time>
      </trkpt>
      <trkpt lat="49.615776" lon="0.754292">
        <ele>194.9</ele>
        <time>2026-10-08T17:41:27+00:00</time>
      </trkpt>
      <trkpt lat="49.615883" lon="0.754341">
        <ele>201</ele>
        <time>2026-10-08T17:41:31+00:00</time>
      </trkpt>
      <trkpt lat="49.616036" lon="0.754068">
        <ele>198.9</ele>
        <time>2026-10-08T17:41:35+00:00</time>
      </trkpt>
      <trkpt lat="49.616142" lon="0.75402">
        <ele>198.3</ele>
        <time>2026-10-08T17:41:41+00:00</time>
      </trkpt>
      <trkpt lat="49.616303" lon="0.754041">
        <ele>201.2</ele>
        <time>2026-10-08T17:41:45+00:00</time>
      </trkpt>
      <trkpt lat="49.616589" lon="0.754075">
        <ele>197.5</ele>
        <time>2026-10-08T17:41:50+00:00</time>
      </trkpt>
      <trkpt lat="49.616657" lon="0.753996">
        <ele>200.2</ele>
        <time>2026-10-08T17:41:57+00:00</time>
      </trkpt>
      <trkpt lat="49.616703" lon="0.754047">
        <ele>200.1</ele>
        <time>2026-10-08T17:42:02+00:00</time>
      </trkpt>
      <trkpt lat="49.616722" lon="0.753668">
        <ele>199.3</ele>
        <time>2026-10-08T17:42:07+00:00</time>
      </trkpt>
      <trkpt lat="49.616749" lon="0.753357">
        <ele>199.6</ele>
        <time>2026-10-08T17:42:11+00:00</time>
      </trkpt>
      <trkpt lat="49.616741" lon="0.752942">
        <ele>202.8</ele>
        <time>2026-10-08T17:42:17+00:00</time>
      </trkpt>
      <trkpt lat="49.616749" lon="0.752734">
        <ele>202.1</ele>
        <time>2026-10-08T17:42:21+00:00</time>
      </trkpt>
      <trkpt lat="49.616943" lon="0.75273">
        <ele>199.5</ele>
        <time>2026-10-08T17:42:27+00:00</time>
      </trkpt>
      <trkpt lat="49.617123" lon="0.752734">
        <ele>199.5</ele>
        <time>2026-10-08T17:42:34+00:00</time>
      </trkpt>
      <trkpt lat="49.617264" lon="0.752684">
        <ele>202</ele>
        <time>2026-10-08T17:42:39+00:00</time>
      </trkpt>
      <trkpt lat="49.617294" lon="0.752638">
        <ele>205.8</ele>
        <time>2026-10-08T17:42:44+00:00</time>
      </trkpt>
      <trkpt lat="49.617199" lon="0.752783">
        <ele>217.1</ele>
        <time>2026-10-08T17:43:14+00:00</time>
      </trkpt>
      <trkpt lat="49.61718" lon="0.752784">
        <ele>221.8</ele>
        <time>2026-10-08T17:43:44+00:00</time>
      </trkpt>
      <trkpt lat="49.617149" lon="0.752918">
        <ele>226.1</ele>
        <time>2026-10-08T17:44:13+00:00</time>
      </trkpt>
      <trkpt lat="49.617191" lon="0.752863">
        <ele>222.8</ele>
        <time>2026-10-08T17:44:44+00:00</time>
      </trkpt>
      <trkpt lat="49.617161" lon="0.752935">
        <ele>231.1</ele>
        <time>2026-10-08T17:45:14+00:00</time>
      </trkpt>
      <trkpt lat="49.617172" lon="0.752877">
        <ele>228.3</ele>
        <time>2026-10-08T17:45:44+00:00</time>
      </trkpt>
      <trkpt lat="49.617226" lon="0.752914">
        <ele>227.4</ele>
        <time>2026-10-08T17:46:14+00:00</time>
      </trkpt>
      <trkpt lat="49.617256" lon="0.752739">
        <ele>221.4</ele>
        <time>2026-10-08T17:46:43+00:00</time>
      </trkpt>
      <trkpt lat="49.617104" lon="0.752783">
        <ele>222.4</ele>
        <time>2026-10-08T17:47:14+00:00</time>
      </trkpt>
      <trkpt lat="49.61718" lon="0.75275">
        <ele>224.5</ele>
        <time>2026-10-08T17:47:44+00:00</time>
      </trkpt>
      <trkpt lat="49.617016" lon="0.752968">
        <ele>226</ele>
        <time>2026-10-08T17:48:14+00:00</time>
      </trkpt>
      <trkpt lat="49.617054" lon="0.752961">
        <ele>226.7</ele>
        <time>2026-10-08T17:48:44+00:00</time>
      </trkpt>
      <trkpt lat="49.617039" lon="0.752955">
        <ele>235</ele>
        <time>2026-10-08T17:49:14+00:00</time>
      </trkpt>
      <trkpt lat="49.617035" lon="0.752955">
        <ele>230</ele>
        <time>2026-10-08T17:49:44+00:00</time>
      </trkpt>
      <trkpt lat="49.617142" lon="0.752832">
        <ele>228.3</ele>
        <time>2026-10-08T17:50:14+00:00</time>
      </trkpt>
      <trkpt lat="49.61721" lon="0.752745">
        <ele>227</ele>
        <time>2026-10-08T17:50:37+00:00</time>
      </trkpt>
      <trkpt lat="49.617344" lon="0.752602">
        <ele>229.1</ele>
        <time>2026-10-08T17:50:42+00:00</time>
      </trkpt>
      <trkpt lat="49.617397" lon="0.752367">
        <ele>223.9</ele>
        <time>2026-10-08T17:50:46+00:00</time>
      </trkpt>
      <trkpt lat="49.617474" lon="0.752205">
        <ele>221.1</ele>
        <time>2026-10-08T17:50:50+00:00</time>
      </trkpt>
      <trkpt lat="49.617382" lon="0.751918">
        <ele>216.6</ele>
        <time>2026-10-08T17:50:55+00:00</time>
      </trkpt>
      <trkpt lat="49.617325" lon="0.751731">
        <ele>212.5</ele>
        <time>2026-10-08T17:51:00+00:00</time>
      </trkpt>
      <trkpt lat="49.616924" lon="0.750863">
        <ele>196</ele>
        <time>2026-10-08T17:51:20+00:00</time>
      </trkpt>
      <trkpt lat="49.616703" lon="0.750414">
        <ele>195.6</ele>
        <time>2026-10-08T17:51:25+00:00</time>
      </trkpt>
      <trkpt lat="49.616589" lon="0.750147">
        <ele>191.8</ele>
        <time>2026-10-08T17:51:29+00:00</time>
      </trkpt>
      <trkpt lat="49.616512" lon="0.749847">
        <ele>192.3</ele>
        <time>2026-10-08T17:51:35+00:00</time>
      </trkpt>
      <trkpt lat="49.616615" lon="0.749749">
        <ele>194.2</ele>
        <time>2026-10-08T17:51:39+00:00</time>
      </trkpt>
      <trkpt lat="49.616627" lon="0.74973">
        <ele>193.9</ele>
        <time>2026-10-08T17:51:44+00:00</time>
      </trkpt>
      <trkpt lat="49.616615" lon="0.749723">
        <ele>192.4</ele>
        <time>2026-10-08T17:51:48+00:00</time>
      </trkpt>
      <trkpt lat="49.616703" lon="0.749592">
        <ele>193.3</ele>
        <time>2026-10-08T17:51:52+00:00</time>
      </trkpt>
      <trkpt lat="49.616829" lon="0.749504">
        <ele>193.8</ele>
        <time>2026-10-08T17:51:55+00:00</time>
      </trkpt>
      <trkpt lat="49.616924" lon="0.74934">
        <ele>193.8</ele>
        <time>2026-10-08T17:52:04+00:00</time>
      </trkpt>
      <trkpt lat="49.617027" lon="0.749275">
        <ele>191.1</ele>
        <time>2026-10-08T17:52:07+00:00</time>
      </trkpt>
      <trkpt lat="49.617123" lon="0.74917">
        <ele>188.2</ele>
        <time>2026-10-08T17:52:12+00:00</time>
      </trkpt>
      <trkpt lat="49.617016" lon="0.748733">
        <ele>188.4</ele>
        <time>2026-10-08T17:52:18+00:00</time>
      </trkpt>
      <trkpt lat="49.616894" lon="0.748366">
        <ele>189.1</ele>
        <time>2026-10-08T17:52:22+00:00</time>
      </trkpt>
      <trkpt lat="49.616734" lon="0.747996">
        <ele>188.6</ele>
        <time>2026-10-08T17:52:26+00:00</time>
      </trkpt>
      <trkpt lat="49.616291" lon="0.746926">
        <ele>188.6</ele>
        <time>2026-10-08T17:52:39+00:00</time>
      </trkpt>
      <trkpt lat="49.616131" lon="0.74654">
        <ele>187</ele>
        <time>2026-10-08T17:52:44+00:00</time>
      </trkpt>
      <trkpt lat="49.616028" lon="0.746237">
        <ele>183.4</ele>
        <time>2026-10-08T17:52:47+00:00</time>
      </trkpt>
      <trkpt lat="49.615875" lon="0.745612">
        <ele>186.2</ele>
        <time>2026-10-08T17:52:53+00:00</time>
      </trkpt>
      <trkpt lat="49.615776" lon="0.745092">
        <ele>185.7</ele>
        <time>2026-10-08T17:52:58+00:00</time>
      </trkpt>
      <trkpt lat="49.615494" lon="0.744168">
        <ele>177.8</ele>
        <time>2026-10-08T17:53:09+00:00</time>
      </trkpt>
      <trkpt lat="49.615501" lon="0.744075">
        <ele>180.7</ele>
        <time>2026-10-08T17:53:14+00:00</time>
      </trkpt>
      <trkpt lat="49.615818" lon="0.743936">
        <ele>179.3</ele>
        <time>2026-10-08T17:53:20+00:00</time>
      </trkpt>
      <trkpt lat="49.616253" lon="0.743811">
        <ele>186.2</ele>
        <time>2026-10-08T17:53:28+00:00</time>
      </trkpt>
      <trkpt lat="49.616314" lon="0.743783">
        <ele>188.6</ele>
        <time>2026-10-08T17:53:32+00:00</time>
      </trkpt>
      <trkpt lat="49.616314" lon="0.743795">
        <ele>188.8</ele>
        <time>2026-10-08T17:53:38+00:00</time>
      </trkpt>
      <trkpt lat="49.616329" lon="0.743825">
        <ele>188.7</ele>
        <time>2026-10-08T17:54:08+00:00</time>
      </trkpt>
      <trkpt lat="49.616352" lon="0.743808">
        <ele>187.2</ele>
        <time>2026-10-08T17:54:37+00:00</time>
      </trkpt>
      <trkpt lat="49.616371" lon="0.743849">
        <ele>184.8</ele>
        <time>2026-10-08T17:55:08+00:00</time>
      </trkpt>
      <trkpt lat="49.616371" lon="0.743849">
        <ele>184.8</ele>
        <time>2026-10-08T17:55:38+00:00</time>
      </trkpt>
      <trkpt lat="49.616371" lon="0.743849">
        <ele>184.8</ele>
        <time>2026-10-08T17:56:08+00:00</time>
      </trkpt>
      <trkpt lat="49.61636" lon="0.743806">
        <ele>189.4</ele>
        <time>2026-10-08T17:56:37+00:00</time>
      </trkpt>
      <trkpt lat="49.616352" lon="0.743832">
        <ele>192.4</ele>
        <time>2026-10-08T17:56:52+00:00</time>
      </trkpt>
      <trkpt lat="49.616329" lon="0.743819">
        <ele>195.5</ele>
        <time>2026-10-08T17:56:58+00:00</time>
      </trkpt>
      <trkpt lat="49.616329" lon="0.743819">
        <ele>195.5</ele>
        <time>2026-10-08T17:57:02+00:00</time>
      </trkpt>
      <trkpt lat="49.616341" lon="0.743815">
        <ele>194.2</ele>
        <time>2026-10-08T17:57:07+00:00</time>
      </trkpt>
      <trkpt lat="49.616341" lon="0.743815">
        <ele>194.2</ele>
        <time>2026-10-08T17:57:12+00:00</time>
      </trkpt>
      <trkpt lat="49.616367" lon="0.743807">
        <ele>191.4</ele>
        <time>2026-10-08T17:57:17+00:00</time>
      </trkpt>
      <trkpt lat="49.616371" lon="0.743825">
        <ele>192</ele>
        <time>2026-10-08T17:57:22+00:00</time>
      </trkpt>
      <trkpt lat="49.616371" lon="0.743825">
        <ele>192</ele>
        <time>2026-10-08T17:57:28+00:00</time>
      </trkpt>
      <trkpt lat="49.616371" lon="0.743825">
        <ele>192</ele>
        <time>2026-10-08T17:57:31+00:00</time>
      </trkpt>
      <trkpt lat="49.616371" lon="0.743825">
        <ele>192</ele>
        <time>2026-10-08T17:57:37+00:00</time>
      </trkpt>
      <trkpt lat="49.616352" lon="0.743821">
        <ele>191.5</ele>
        <time>2026-10-08T17:57:42+00:00</time>
      </trkpt>
      <trkpt lat="49.616352" lon="0.743821">
        <ele>191.5</ele>
        <time>2026-10-08T17:57:46+00:00</time>
      </trkpt>
      <trkpt lat="49.616352" lon="0.743821">
        <ele>191.5</ele>
        <time>2026-10-08T17:57:52+00:00</time>
      </trkpt>
      <trkpt lat="49.616367" lon="0.743851">
        <ele>192.2</ele>
        <time>2026-10-08T17:57:57+00:00</time>
      </trkpt>
      <trkpt lat="49.616367" lon="0.743851">
        <ele>192.2</ele>
        <time>2026-10-08T17:58:01+00:00</time>
      </trkpt>
      <trkpt lat="49.616463" lon="0.743822">
        <ele>194.9</ele>
        <time>2026-10-08T17:58:06+00:00</time>
      </trkpt>
      <trkpt lat="49.616505" lon="0.743803">
        <ele>193.9</ele>
        <time>2026-10-08T17:58:11+00:00</time>
      </trkpt>
      <trkpt lat="49.616505" lon="0.743803">
        <ele>193.9</ele>
        <time>2026-10-08T17:58:16+00:00</time>
      </trkpt>
      <trkpt lat="49.616505" lon="0.743803">
        <ele>193.9</ele>
        <time>2026-10-08T17:58:21+00:00</time>
      </trkpt>
      <trkpt lat="49.616505" lon="0.743803">
        <ele>193.9</ele>
        <time>2026-10-08T17:58:26+00:00</time>
      </trkpt>
      <trkpt lat="49.616562" lon="0.743793">
        <ele>191.1</ele>
        <time>2026-10-08T17:58:56+00:00</time>
      </trkpt>
      <trkpt lat="49.616562" lon="0.743793">
        <ele>191.1</ele>
        <time>2026-10-08T17:59:26+00:00</time>
      </trkpt>
      <trkpt lat="49.61657" lon="0.743846">
        <ele>194.1</ele>
        <time>2026-10-08T17:59:56+00:00</time>
      </trkpt>
    </trkseg>
  </trk>
  <trk>
    <name><![CDATA[OsmAnd 2026-10-08 20]]></name>
    <trkseg>
      <trkpt lat="49.61657" lon="0.743846">
        <ele>194.1</ele>
        <time>2026-10-08T18:00:19+00:00</time>
      </trkpt>
    </trkseg>
  </trk>
</gpx>
